timestamp,market_ticker,best_bid,best_ask,mid_price,micro_price,spread,imbalance,best_bid_size,best_ask_size,bid_count,ask_count,best_bid_cents,best_ask_cents,mid_price_cents,micro_price_cents,spread_cents
2026-02-26T14:15:31.920669+00:00,KXNBAGAME-26FEB28TORWAS-WAS,0.13,0.83,0.48,,0.7,-0.012286196097325945,,,7,8,13.0,83.0,48.0,,70.0
2026-02-26T14:23:07.331209+00:00,KXNBAGAME-26FEB28TORWAS-WAS,0.13,0.83,0.48,,0.7,-0.009900990099009901,,,7,8,13.0,83.0,48.0,,70.0
2026-02-26T14:30:43.217007+00:00,KXNBAGAME-26FEB28TORWAS-WAS,0.13,0.83,0.48,,0.7,-0.009900990099009901,,,7,8,13.0,83.0,48.0,,70.0
2026-02-26T14:38:17.656007+00:00,KXNBAGAME-26FEB28TORWAS-WAS,0.13,0.83,0.48,,0.7,-0.008522252548320616,,,7,8,13.0,83.0,48.0,,70.0
2026-02-26T14:45:53.147633+00:00,KXNBAGAME-26FEB28TORWAS-WAS,0.13,0.83,0.48,,0.7,-0.008522252548320616,,,7,8,13.0,83.0,48.0,,70.0
2026-02-26T14:53:27.845846+00:00,KXNBAGAME-26FEB28TORWAS-WAS,0.13,0.83,0.48,,0.7,-0.008522252548320616,,,7,8,13.0,83.0,48.0,,70.0
2026-02-26T15:01:03.185833+00:00,KXNBAGAME-26FEB28TORWAS-WAS,0.13,0.83,0.48,,0.7,-0.008522252548320616,,,7,8,13.0,83.0,48.0,,70.0
2026-02-26T15:08:37.813606+00:00,KXNBAGAME-26FEB28TORWAS-WAS,0.13,0.26,0.195,,0.13,0.179520563682316,,,8,11,13.0,26.0,19.5,,13.0
2026-02-26T15:16:13.215096+00:00,KXNBAGAME-26FEB28TORWAS-WAS,0.13,0.26,0.195,,0.13,0.002342987308818744,,,8,10,13.0,26.0,19.5,,13.0
2026-02-26T15:23:47.831035+00:00,KXNBAGAME-26FEB28TORWAS-WAS,0.13,0.24,0.185,,0.11,0.15521064301552107,,,9,12,13.0,24.0,18.5,,11.0
2026-02-26T15:31:44.925160+00:00,KXNBAGAME-26FEB28TORWAS-WAS,0.13,0.24,0.185,,0.11,0.1609285675147486,,,9,15,13.0,24.0,18.5,,11.0
2026-02-26T15:39:41.239996+00:00,KXNBAGAME-26FEB28TORWAS-WAS,0.13,0.24,0.185,,0.11,0.1479294215383504,,,9,17,13.0,24.0,18.5,,11.0
2026-02-26T15:47:38.195406+00:00,KXNBAGAME-26FEB28TORWAS-WAS,0.13,0.24,0.185,,0.11,0.1479294215383504,,,9,17,13.0,24.0,18.5,,11.0
2026-02-26T15:55:35.291090+00:00,KXNBAGAME-26FEB28TORWAS-WAS,0.13,0.24,0.185,,0.11,0.14747350748289495,,,9,17,13.0,24.0,18.5,,11.0
2026-02-26T16:03:32.706164+00:00,KXNBAGAME-26FEB28TORWAS-WAS,0.13,0.24,0.185,,0.11,0.14728486379217032,,,9,18,13.0,24.0,18.5,,11.0
2026-02-26T16:11:29.653260+00:00,KXNBAGAME-26FEB28TORWAS-WAS,0.14,0.24,0.19,,0.1,0.15645620740633903,,,10,18,14.0,24.0,19.0,,10.0
2026-02-26T16:19:27.415879+00:00,KXNBAGAME-26FEB28TORWAS-WAS,0.14,0.24,0.19,,0.1,0.14029723387612886,,,10,18,14.0,24.0,19.0,,10.0
2026-02-26T16:27:39.941019+00:00,KXNBAGAME-26FEB28TORWAS-WAS,0.14,0.23,0.185,,0.09,0.1387384828418754,,,10,19,14.0,23.0,18.5,,9.0
2026-02-26T16:35:54.453016+00:00,KXNBAGAME-26FEB28TORWAS-WAS,0.14,0.23,0.185,,0.09,0.14029723387612886,,,10,19,14.0,23.0,18.5,,9.0
2026-02-26T16:44:09.988138+00:00,KXNBAGAME-26FEB28TORWAS-WAS,0.14,0.23,0.185,,0.09,0.14029723387612886,,,10,19,14.0,23.0,18.5,,9.0
2026-02-26T16:52:25.203473+00:00,KXNBAGAME-26FEB28TORWAS-WAS,0.14,0.23,0.185,,0.09,0.14096657713584376,,,10,19,14.0,23.0,18.5,,9.0
2026-02-26T17:00:41.539951+00:00,KXNBAGAME-26FEB28TORWAS-WAS,0.14,0.23,0.185,,0.09,0.13389285067661882,,,10,19,14.0,23.0,18.5,,9.0
2026-02-26T17:08:57.967297+00:00,KXNBAGAME-26FEB28TORWAS-WAS,0.14,0.23,0.185,,0.09,0.1344825571203179,,,10,18,14.0,23.0,18.5,,9.0
2026-02-26T17:17:13.528329+00:00,KXNBAGAME-26FEB28TORWAS-WAS,0.14,0.24,0.19,,0.1,0.1249068474915665,,,10,24,14.0,24.0,19.0,,10.0
2026-02-26T17:25:28.884700+00:00,KXNBAGAME-26FEB28TORWAS-WAS,0.14,0.24,0.19,,0.1,0.1249068474915665,,,10,24,14.0,24.0,19.0,,10.0
2026-02-26T17:34:01.445622+00:00,KXNBAGAME-26FEB28TORWAS-WAS,0.14,0.24,0.19,,0.1,0.1249068474915665,,,10,24,14.0,24.0,19.0,,10.0
2026-02-26T17:42:34.062867+00:00,KXNBAGAME-26FEB28TORWAS-WAS,0.14,0.24,0.19,,0.1,0.1249068474915665,,,10,24,14.0,24.0,19.0,,10.0
2026-02-26T17:51:06.297666+00:00,KXNBAGAME-26FEB28TORWAS-WAS,0.14,0.24,0.19,,0.1,0.1249068474915665,,,10,24,14.0,24.0,19.0,,10.0
2026-02-26T17:59:39.405056+00:00,KXNBAGAME-26FEB28TORWAS-WAS,0.14,0.24,0.19,,0.1,0.1249068474915665,,,10,24,14.0,24.0,19.0,,10.0
2026-02-26T18:08:13.360109+00:00,KXNBAGAME-26FEB28TORWAS-WAS,0.14,0.24,0.19,,0.1,0.1249068474915665,,,10,24,14.0,24.0,19.0,,10.0
2026-02-26T18:16:47.390256+00:00,KXNBAGAME-26FEB28TORWAS-WAS,0.14,0.24,0.19,,0.1,0.1249068474915665,,,10,24,14.0,24.0,19.0,,10.0
2026-02-26T18:25:20.262575+00:00,KXNBAGAME-26FEB28TORWAS-WAS,0.14,0.24,0.19,,0.1,0.1249068474915665,,,10,24,14.0,24.0,19.0,,10.0
2026-02-26T18:33:53.722736+00:00,KXNBAGAME-26FEB28TORWAS-WAS,0.14,0.24,0.19,,0.1,0.1249068474915665,,,10,24,14.0,24.0,19.0,,10.0
2026-02-26T18:42:27.586272+00:00,KXNBAGAME-26FEB28TORWAS-WAS,0.14,0.24,0.19,,0.1,0.1249068474915665,,,10,24,14.0,24.0,19.0,,10.0
2026-02-26T18:51:01.258480+00:00,KXNBAGAME-26FEB28TORWAS-WAS,0.14,0.24,0.19,,0.1,0.1249068474915665,,,10,24,14.0,24.0,19.0,,10.0
2026-02-26T18:59:38.494697+00:00,KXNBAGAME-26FEB28TORWAS-WAS,0.14,0.24,0.19,,0.1,0.1249068474915665,,,10,24,14.0,24.0,19.0,,10.0
2026-02-26T19:08:16.733281+00:00,KXNBAGAME-26FEB28TORWAS-WAS,0.14,0.24,0.19,,0.1,0.1249068474915665,,,10,24,14.0,24.0,19.0,,10.0
2026-02-26T19:17:06.986366+00:00,KXNBAGAME-26FEB28TORWAS-WAS,0.14,0.24,0.19,,0.1,0.1249068474915665,,,10,24,14.0,24.0,19.0,,10.0
2026-02-26T19:25:56.969578+00:00,KXNBAGAME-26FEB28TORWAS-WAS,0.14,0.24,0.19,,0.1,0.1249068474915665,,,10,24,14.0,24.0,19.0,,10.0
2026-02-26T19:30:44.998629+00:00,KXNBAGAME-26FEB28TORWAS-WAS,0.14,0.22,0.18,,0.08,0.11837736638781894,,,10,27,14.0,22.0,18.0,,8.0
2026-02-26T19:32:13.548151+00:00,KXNBAGAME-26FEB28TORWAS-WAS,0.14,0.22,0.18,,0.08,0.11837736638781894,,,10,27,14.0,22.0,18.0,,8.0
2026-02-26T19:34:47.522698+00:00,KXNBAGAME-26FEB28TORWAS-WAS,0.14,0.24,0.19,,0.1,0.1249068474915665,,,10,24,14.0,24.0,19.0,,10.0
2026-02-26T19:37:39.169380+00:00,KXNBAGAME-26FEB28TORWAS-WAS,0.14,0.22,0.18,,0.08,0.11837736638781894,,,10,27,14.0,22.0,18.0,,8.0
2026-02-26T19:43:42.508780+00:00,KXNBAGAME-26FEB28TORWAS-WAS,0.14,0.24,0.19,,0.1,0.1249068474915665,,,10,24,14.0,24.0,19.0,,10.0
2026-02-26T19:45:28.205727+00:00,KXNBAGAME-26FEB28TORWAS-WAS,0.14,0.24,0.19,,0.1,0.11973904770534137,,,10,25,14.0,24.0,19.0,,10.0
2026-02-26T19:52:33.769880+00:00,KXNBAGAME-26FEB28TORWAS-WAS,0.14,0.24,0.19,,0.1,0.1249068474915665,,,10,24,14.0,24.0,19.0,,10.0
2026-02-26T19:53:56.966354+00:00,KXNBAGAME-26FEB28TORWAS-WAS,0.2,0.24,0.22,,0.04,0.1252958279802556,,,11,25,20.0,24.0,22.0,,4.0
2026-02-26T20:01:24.935227+00:00,KXNBAGAME-26FEB28TORWAS-WAS,0.14,0.24,0.19,,0.1,0.1249068474915665,,,10,24,14.0,24.0,19.0,,10.0
2026-02-26T20:03:04.028800+00:00,KXNBAGAME-26FEB28TORWAS-WAS,0.2,0.24,0.22,,0.04,0.12621905265407588,,,13,29,20.0,24.0,22.0,,4.0
2026-02-26T20:10:16.260407+00:00,KXNBAGAME-26FEB28TORWAS-WAS,0.14,0.24,0.19,,0.1,0.1249068474915665,,,10,24,14.0,24.0,19.0,,10.0
2026-02-26T20:12:09.248161+00:00,KXNBAGAME-26FEB28TORWAS-WAS,0.2,0.23,0.215,,0.03,0.12226260001903791,,,13,30,20.0,23.0,21.5,,3.0
2026-02-26T20:19:07.902292+00:00,KXNBAGAME-26FEB28TORWAS-WAS,0.14,0.24,0.19,,0.1,0.1249068474915665,,,10,24,14.0,24.0,19.0,,10.0
2026-02-26T20:21:15.374882+00:00,KXNBAGAME-26FEB28TORWAS-WAS,0.18,0.24,0.21,,0.06,0.129013994292479,,,15,30,18.0,24.0,21.0,,6.0
2026-02-26T20:28:01.080132+00:00,KXNBAGAME-26FEB28TORWAS-WAS,0.14,0.24,0.19,,0.1,0.1249068474915665,,,10,24,14.0,24.0,19.0,,10.0
2026-02-26T20:30:20.468395+00:00,KXNBAGAME-26FEB28TORWAS-WAS,0.18,0.22,0.2,,0.04,0.13764924838940587,,,14,30,18.0,22.0,20.0,,4.0
2026-02-26T20:37:02.058589+00:00,KXNBAGAME-26FEB28TORWAS-WAS,0.14,0.24,0.19,,0.1,0.1249068474915665,,,10,24,14.0,24.0,19.0,,10.0
2026-02-26T20:39:24.419731+00:00,KXNBAGAME-26FEB28TORWAS-WAS,0.17,0.21,0.19,,0.04,0.12764423759116839,,,13,28,17.0,21.0,19.0,,4.0
2026-02-26T20:46:01.936611+00:00,KXNBAGAME-26FEB28TORWAS-WAS,0.14,0.24,0.19,,0.1,0.1249068474915665,,,10,24,14.0,24.0,19.0,,10.0
2026-02-26T20:48:28.559610+00:00,KXNBAGAME-26FEB28TORWAS-WAS,0.17,0.2,0.185,,0.03,0.1293364635262419,,,13,29,17.0,20.0,18.5,,3.0
2026-02-26T20:55:01.579191+00:00,KXNBAGAME-26FEB28TORWAS-WAS,0.14,0.24,0.19,,0.1,0.1249068474915665,,,10,24,14.0,24.0,19.0,,10.0
2026-02-26T20:57:32.239263+00:00,KXNBAGAME-26FEB28TORWAS-WAS,0.17,0.19,0.18,,0.02,0.13164809484453818,,,13,29,17.0,19.0,18.0,,2.0
2026-02-26T21:06:36.014199+00:00,KXNBAGAME-26FEB28TORWAS-WAS,0.18,0.22,0.2,,0.04,0.1280456490727532,,,13,28,18.0,22.0,20.0,,4.0
2026-02-26T21:15:39.913043+00:00,KXNBAGAME-26FEB28TORWAS-WAS,0.18,0.22,0.2,,0.04,0.1306456501970294,,,13,31,18.0,22.0,20.0,,4.0
2026-02-26T21:24:44.621048+00:00,KXNBAGAME-26FEB28TORWAS-WAS,0.17,0.21,0.19,,0.04,0.12906176396606525,,,12,29,17.0,21.0,19.0,,4.0
2026-02-26T21:33:51.774201+00:00,KXNBAGAME-26FEB28TORWAS-WAS,0.17,0.21,0.19,,0.04,0.1249445209454769,,,12,30,17.0,21.0,19.0,,4.0
2026-02-26T21:43:01.722794+00:00,KXNBAGAME-26FEB28TORWAS-WAS,0.16,0.2,0.18,,0.04,0.11417549321511962,,,12,30,16.0,20.0,18.0,,4.0
2026-02-26T21:52:10.140405+00:00,KXNBAGAME-26FEB28TORWAS-WAS,0.15,0.2,0.175,,0.05,0.1267115472387038,,,13,30,15.0,20.0,17.5,,5.0
2026-02-26T22:01:20.850997+00:00,KXNBAGAME-26FEB28TORWAS-WAS,0.15,0.19,0.17,,0.04,0.12507981391954756,,,13,30,15.0,19.0,17.0,,4.0
2026-02-26T22:10:31.204090+00:00,KXNBAGAME-26FEB28TORWAS-WAS,0.15,0.19,0.17,,0.04,0.12476274615976517,,,13,29,15.0,19.0,17.0,,4.0
2026-02-26T22:19:36.371868+00:00,KXNBAGAME-26FEB28TORWAS-WAS,0.15,0.19,0.17,,0.04,0.1293280021232525,,,13,30,15.0,19.0,17.0,,4.0
2026-02-26T22:26:49.943825+00:00,KXNBAGAME-26FEB28TORWAS-WAS,0.15,0.19,0.17,,0.04,0.12306641625405498,,,13,29,15.0,19.0,17.0,,4.0
2026-02-26T22:28:40.088465+00:00,KXNBAGAME-26FEB28TORWAS-WAS,0.14,0.18,0.16,,0.04,0.12486996902245441,,,12,29,14.0,18.0,16.0,,4.0
2026-02-26T22:35:47.839428+00:00,KXNBAGAME-26FEB28TORWAS-WAS,0.14,0.18,0.16,,0.04,0.12005493719419726,,,12,30,14.0,18.0,16.0,,4.0
2026-02-26T22:37:44.436782+00:00,KXNBAGAME-26FEB28TORWAS-WAS,0.14,0.18,0.16,,0.04,0.1224444151330768,,,12,28,14.0,18.0,16.0,,4.0
2026-02-26T22:44:45.607487+00:00,KXNBAGAME-26FEB28TORWAS-WAS,0.14,0.18,0.16,,0.04,0.12005493719419726,,,12,30,14.0,18.0,16.0,,4.0
2026-02-26T22:53:45.076336+00:00,KXNBAGAME-26FEB28TORWAS-WAS,0.14,0.18,0.16,,0.04,0.12005493719419726,,,12,30,14.0,18.0,16.0,,4.0
2026-02-26T23:02:45.534839+00:00,KXNBAGAME-26FEB28TORWAS-WAS,0.14,0.18,0.16,,0.04,0.12005493719419726,,,12,30,14.0,18.0,16.0,,4.0
2026-02-26T23:12:16.068340+00:00,KXNBAGAME-26FEB28TORWAS-WAS,0.14,0.18,0.16,,0.04,0.12005493719419726,,,12,30,14.0,18.0,16.0,,4.0
2026-02-26T23:21:42.903410+00:00,KXNBAGAME-26FEB28TORWAS-WAS,0.14,0.18,0.16,,0.04,0.12005493719419726,,,12,30,14.0,18.0,16.0,,4.0
2026-02-26T23:31:22.756820+00:00,KXNBAGAME-26FEB28TORWAS-WAS,0.14,0.18,0.16,,0.04,0.12005493719419726,,,12,30,14.0,18.0,16.0,,4.0
2026-02-26T23:41:05.387071+00:00,KXNBAGAME-26FEB28TORWAS-WAS,0.14,0.18,0.16,,0.04,0.12005493719419726,,,12,30,14.0,18.0,16.0,,4.0
2026-02-26T23:50:47.773745+00:00,KXNBAGAME-26FEB28TORWAS-WAS,0.14,0.18,0.16,,0.04,0.12005493719419726,,,12,30,14.0,18.0,16.0,,4.0
2026-02-27T00:00:35.224201+00:00,KXNBAGAME-26FEB28TORWAS-WAS,0.14,0.18,0.16,,0.04,0.12005493719419726,,,12,30,14.0,18.0,16.0,,4.0
2026-02-27T00:05:16.573745+00:00,KXNBAGAME-26FEB28TORWAS-WAS,0.13,0.16,0.145,,0.03,0.12063506844212683,,,10,25,13.0,16.0,14.5,,3.0
2026-02-27T00:10:20.835580+00:00,KXNBAGAME-26FEB28TORWAS-WAS,0.14,0.18,0.16,,0.04,0.12005493719419726,,,12,30,14.0,18.0,16.0,,4.0
2026-02-27T00:14:27.248834+00:00,KXNBAGAME-26FEB28TORWAS-WAS,0.13,0.17,0.15,,0.04,0.11952668224244749,,,11,23,13.0,17.0,15.0,,4.0
2026-02-27T00:20:16.450076+00:00,KXNBAGAME-26FEB28TORWAS-WAS,0.14,0.18,0.16,,0.04,0.12005493719419726,,,12,30,14.0,18.0,16.0,,4.0
2026-02-27T00:23:36.233376+00:00,KXNBAGAME-26FEB28TORWAS-WAS,0.13,0.17,0.15,,0.04,0.11725416364952933,,,11,23,13.0,17.0,15.0,,4.0
2026-02-27T00:30:21.965059+00:00,KXNBAGAME-26FEB28TORWAS-WAS,0.14,0.18,0.16,,0.04,0.12005493719419726,,,12,30,14.0,18.0,16.0,,4.0
2026-02-27T00:40:31.094793+00:00,KXNBAGAME-26FEB28TORWAS-WAS,0.14,0.18,0.16,,0.04,0.12005493719419726,,,12,30,14.0,18.0,16.0,,4.0
2026-02-27T00:50:39.230476+00:00,KXNBAGAME-26FEB28TORWAS-WAS,0.14,0.18,0.16,,0.04,0.12005493719419726,,,12,30,14.0,18.0,16.0,,4.0
2026-02-27T01:41:01.353583+00:00,KXNBAGAME-26FEB28TORWAS-WAS,0.16,0.18,0.17,,0.02,0.13739455358659344,,,12,24,16.0,18.0,17.0,,2.0
2026-02-27T01:51:09.250696+00:00,KXNBAGAME-26FEB28TORWAS-WAS,0.16,0.18,0.17,,0.02,0.13432135455363078,,,13,25,16.0,18.0,17.0,,2.0
2026-02-27T02:01:34.327016+00:00,KXNBAGAME-26FEB28TORWAS-WAS,0.17,0.18,0.175,,0.01,0.14447931336563946,,,13,26,17.0,18.0,17.5,,1.0
2026-02-27T02:12:07.245560+00:00,KXNBAGAME-26FEB28TORWAS-WAS,0.17,0.18,0.175,,0.01,0.14447931336563946,,,13,26,17.0,18.0,17.5,,1.0
2026-02-27T02:22:40.561230+00:00,KXNBAGAME-26FEB28TORWAS-WAS,0.17,0.18,0.175,,0.01,0.14447931336563946,,,13,26,17.0,18.0,17.5,,1.0
2026-02-27T02:33:26.675622+00:00,KXNBAGAME-26FEB28TORWAS-WAS,0.17,0.18,0.175,,0.01,0.14447931336563946,,,13,26,17.0,18.0,17.5,,1.0
2026-02-27T02:44:12.156419+00:00,KXNBAGAME-26FEB28TORWAS-WAS,0.17,0.18,0.175,,0.01,0.14447931336563946,,,13,26,17.0,18.0,17.5,,1.0
2026-02-27T02:54:20.436717+00:00,KXNBAGAME-26FEB28TORWAS-WAS,0.17,0.18,0.175,,0.01,0.12475576985173793,,,13,26,17.0,18.0,17.5,,1.0
2026-02-27T02:54:57.747545+00:00,KXNBAGAME-26FEB28TORWAS-WAS,0.17,0.18,0.175,,0.01,0.14447931336563946,,,13,26,17.0,18.0,17.5,,1.0
2026-02-27T03:03:34.943702+00:00,KXNBAGAME-26FEB28TORWAS-WAS,0.17,0.18,0.175,,0.01,0.1292631625315229,,,13,26,17.0,18.0,17.5,,1.0
2026-02-27T03:05:43.475195+00:00,KXNBAGAME-26FEB28TORWAS-WAS,0.17,0.18,0.175,,0.01,0.14447931336563946,,,13,26,17.0,18.0,17.5,,1.0
2026-02-27T03:12:43.869193+00:00,KXNBAGAME-26FEB28TORWAS-WAS,0.17,0.18,0.175,,0.01,0.12811458367710638,,,13,27,17.0,18.0,17.5,,1.0
2026-02-27T03:16:28.980579+00:00,KXNBAGAME-26FEB28TORWAS-WAS,0.17,0.18,0.175,,0.01,0.14447931336563946,,,13,26,17.0,18.0,17.5,,1.0
2026-02-27T03:21:49.774524+00:00,KXNBAGAME-26FEB28TORWAS-WAS,0.17,0.18,0.175,,0.01,0.12701141824273685,,,13,27,17.0,18.0,17.5,,1.0
2026-02-27T03:27:20.287173+00:00,KXNBAGAME-26FEB28TORWAS-WAS,0.17,0.18,0.175,,0.01,0.14447931336563946,,,13,26,17.0,18.0,17.5,,1.0
2026-02-27T03:30:56.362944+00:00,KXNBAGAME-26FEB28TORWAS-WAS,0.17,0.18,0.175,,0.01,0.12716670616570858,,,13,27,17.0,18.0,17.5,,1.0
2026-02-27T03:38:16.337324+00:00,KXNBAGAME-26FEB28TORWAS-WAS,0.17,0.18,0.175,,0.01,0.14447931336563946,,,13,26,17.0,18.0,17.5,,1.0
2026-02-27T03:40:01.933653+00:00,KXNBAGAME-26FEB28TORWAS-WAS,0.17,0.18,0.175,,0.01,0.1266783099274408,,,13,31,17.0,18.0,17.5,,1.0
2026-02-27T03:49:06.614023+00:00,KXNBAGAME-26FEB28TORWAS-WAS,0.17,0.18,0.175,,0.01,0.13615957328592065,,,13,32,17.0,18.0,17.5,,1.0
2026-02-27T03:49:13.931210+00:00,KXNBAGAME-26FEB28TORWAS-WAS,0.17,0.18,0.175,,0.01,0.14447931336563946,,,13,26,17.0,18.0,17.5,,1.0
2026-02-27T03:58:10.834867+00:00,KXNBAGAME-26FEB28TORWAS-WAS,0.17,0.18,0.175,,0.01,0.13615957328592065,,,13,32,17.0,18.0,17.5,,1.0
2026-02-27T04:00:08.921046+00:00,KXNBAGAME-26FEB28TORWAS-WAS,0.17,0.18,0.175,,0.01,0.14447931336563946,,,13,26,17.0,18.0,17.5,,1.0
2026-02-27T04:07:17.635857+00:00,KXNBAGAME-26FEB28TORWAS-WAS,0.17,0.18,0.175,,0.01,0.13615957328592065,,,13,32,17.0,18.0,17.5,,1.0
2026-02-27T04:11:05.281366+00:00,KXNBAGAME-26FEB28TORWAS-WAS,0.17,0.18,0.175,,0.01,0.14447931336563946,,,13,26,17.0,18.0,17.5,,1.0
2026-02-27T04:16:21.009466+00:00,KXNBAGAME-26FEB28TORWAS-WAS,0.17,0.18,0.175,,0.01,0.13615957328592065,,,13,32,17.0,18.0,17.5,,1.0
2026-02-27T04:22:05.163260+00:00,KXNBAGAME-26FEB28TORWAS-WAS,0.17,0.18,0.175,,0.01,0.14447931336563946,,,13,26,17.0,18.0,17.5,,1.0
2026-02-27T04:25:27.322369+00:00,KXNBAGAME-26FEB28TORWAS-WAS,0.17,0.18,0.175,,0.01,0.13615957328592065,,,13,32,17.0,18.0,17.5,,1.0
2026-02-27T04:33:13.151761+00:00,KXNBAGAME-26FEB28TORWAS-WAS,0.17,0.18,0.175,,0.01,0.14447931336563946,,,13,26,17.0,18.0,17.5,,1.0
2026-02-27T04:34:33.097835+00:00,KXNBAGAME-26FEB28TORWAS-WAS,0.17,0.18,0.175,,0.01,0.13615957328592065,,,13,32,17.0,18.0,17.5,,1.0
2026-02-27T04:43:40.717085+00:00,KXNBAGAME-26FEB28TORWAS-WAS,0.17,0.18,0.175,,0.01,0.13615957328592065,,,13,32,17.0,18.0,17.5,,1.0
2026-02-27T04:44:22.778467+00:00,KXNBAGAME-26FEB28TORWAS-WAS,0.17,0.18,0.175,,0.01,0.14447931336563946,,,13,26,17.0,18.0,17.5,,1.0
2026-02-27T04:52:48.383623+00:00,KXNBAGAME-26FEB28TORWAS-WAS,0.17,0.18,0.175,,0.01,0.13615957328592065,,,13,32,17.0,18.0,17.5,,1.0
2026-02-27T04:55:32.612154+00:00,KXNBAGAME-26FEB28TORWAS-WAS,0.17,0.18,0.175,,0.01,0.14447931336563946,,,13,26,17.0,18.0,17.5,,1.0
2026-02-27T05:01:56.693651+00:00,KXNBAGAME-26FEB28TORWAS-WAS,0.17,0.18,0.175,,0.01,0.13615957328592065,,,13,32,17.0,18.0,17.5,,1.0
2026-02-27T05:06:41.318953+00:00,KXNBAGAME-26FEB28TORWAS-WAS,0.17,0.18,0.175,,0.01,0.14447931336563946,,,13,26,17.0,18.0,17.5,,1.0
2026-02-27T05:11:04.463900+00:00,KXNBAGAME-26FEB28TORWAS-WAS,0.17,0.18,0.175,,0.01,0.13615957328592065,,,13,32,17.0,18.0,17.5,,1.0
2026-02-27T05:17:49.969009+00:00,KXNBAGAME-26FEB28TORWAS-WAS,0.17,0.18,0.175,,0.01,0.14447931336563946,,,13,26,17.0,18.0,17.5,,1.0
2026-02-27T05:20:14.210500+00:00,KXNBAGAME-26FEB28TORWAS-WAS,0.17,0.18,0.175,,0.01,0.13615957328592065,,,13,32,17.0,18.0,17.5,,1.0
2026-02-27T05:29:06.081322+00:00,KXNBAGAME-26FEB28TORWAS-WAS,0.17,0.18,0.175,,0.01,0.14447931336563946,,,13,26,17.0,18.0,17.5,,1.0
2026-02-27T05:29:22.436793+00:00,KXNBAGAME-26FEB28TORWAS-WAS,0.17,0.18,0.175,,0.01,0.13615957328592065,,,13,32,17.0,18.0,17.5,,1.0
2026-02-27T05:38:31.626880+00:00,KXNBAGAME-26FEB28TORWAS-WAS,0.17,0.18,0.175,,0.01,0.13615957328592065,,,13,32,17.0,18.0,17.5,,1.0
2026-02-27T05:40:26.193258+00:00,KXNBAGAME-26FEB28TORWAS-WAS,0.17,0.18,0.175,,0.01,0.14447931336563946,,,13,26,17.0,18.0,17.5,,1.0
2026-02-27T05:47:44.729927+00:00,KXNBAGAME-26FEB28TORWAS-WAS,0.17,0.18,0.175,,0.01,0.13615957328592065,,,13,32,17.0,18.0,17.5,,1.0
2026-02-27T05:51:46.236909+00:00,KXNBAGAME-26FEB28TORWAS-WAS,0.17,0.18,0.175,,0.01,0.14447931336563946,,,13,26,17.0,18.0,17.5,,1.0
2026-02-27T05:56:55.036440+00:00,KXNBAGAME-26FEB28TORWAS-WAS,0.17,0.18,0.175,,0.01,0.13615957328592065,,,13,32,17.0,18.0,17.5,,1.0
2026-02-27T06:03:06.714357+00:00,KXNBAGAME-26FEB28TORWAS-WAS,0.17,0.18,0.175,,0.01,0.14447931336563946,,,13,26,17.0,18.0,17.5,,1.0
2026-02-27T06:06:06.430897+00:00,KXNBAGAME-26FEB28TORWAS-WAS,0.17,0.18,0.175,,0.01,0.13615957328592065,,,13,32,17.0,18.0,17.5,,1.0
2026-02-27T06:14:28.802183+00:00,KXNBAGAME-26FEB28TORWAS-WAS,0.17,0.18,0.175,,0.01,0.14447931336563946,,,13,26,17.0,18.0,17.5,,1.0
2026-02-27T06:15:20.345193+00:00,KXNBAGAME-26FEB28TORWAS-WAS,0.17,0.18,0.175,,0.01,0.13615957328592065,,,13,32,17.0,18.0,17.5,,1.0
2026-02-27T06:24:35.695683+00:00,KXNBAGAME-26FEB28TORWAS-WAS,0.17,0.18,0.175,,0.01,0.13615957328592065,,,13,32,17.0,18.0,17.5,,1.0
2026-02-27T06:25:44.871926+00:00,KXNBAGAME-26FEB28TORWAS-WAS,0.17,0.18,0.175,,0.01,0.14447931336563946,,,13,26,17.0,18.0,17.5,,1.0
2026-02-27T06:33:48.924226+00:00,KXNBAGAME-26FEB28TORWAS-WAS,0.17,0.18,0.175,,0.01,0.13615957328592065,,,13,32,17.0,18.0,17.5,,1.0
2026-02-27T06:37:10.531139+00:00,KXNBAGAME-26FEB28TORWAS-WAS,0.17,0.18,0.175,,0.01,0.14447931336563946,,,13,26,17.0,18.0,17.5,,1.0
2026-02-27T06:43:05.092488+00:00,KXNBAGAME-26FEB28TORWAS-WAS,0.17,0.18,0.175,,0.01,0.13615957328592065,,,13,32,17.0,18.0,17.5,,1.0
2026-02-27T06:48:36.613359+00:00,KXNBAGAME-26FEB28TORWAS-WAS,0.17,0.18,0.175,,0.01,0.14447931336563946,,,13,26,17.0,18.0,17.5,,1.0
2026-02-27T06:52:18.395296+00:00,KXNBAGAME-26FEB28TORWAS-WAS,0.17,0.18,0.175,,0.01,0.13615957328592065,,,13,32,17.0,18.0,17.5,,1.0
2026-02-27T06:59:59.721501+00:00,KXNBAGAME-26FEB28TORWAS-WAS,0.17,0.18,0.175,,0.01,0.14447931336563946,,,13,26,17.0,18.0,17.5,,1.0
2026-02-27T07:01:25.782191+00:00,KXNBAGAME-26FEB28TORWAS-WAS,0.17,0.18,0.175,,0.01,0.13615957328592065,,,13,32,17.0,18.0,17.5,,1.0
2026-02-27T07:10:41.473477+00:00,KXNBAGAME-26FEB28TORWAS-WAS,0.17,0.18,0.175,,0.01,0.13615957328592065,,,13,32,17.0,18.0,17.5,,1.0
2026-02-27T07:11:23.363794+00:00,KXNBAGAME-26FEB28TORWAS-WAS,0.17,0.18,0.175,,0.01,0.14447931336563946,,,13,26,17.0,18.0,17.5,,1.0
2026-02-27T07:19:57.868685+00:00,KXNBAGAME-26FEB28TORWAS-WAS,0.17,0.18,0.175,,0.01,0.13615957328592065,,,13,32,17.0,18.0,17.5,,1.0
2026-02-27T07:22:48.007939+00:00,KXNBAGAME-26FEB28TORWAS-WAS,0.17,0.18,0.175,,0.01,0.14447931336563946,,,13,26,17.0,18.0,17.5,,1.0
2026-02-27T07:29:14.653040+00:00,KXNBAGAME-26FEB28TORWAS-WAS,0.17,0.18,0.175,,0.01,0.13615957328592065,,,13,32,17.0,18.0,17.5,,1.0
2026-02-27T07:34:21.206883+00:00,KXNBAGAME-26FEB28TORWAS-WAS,0.16,0.18,0.17,,0.02,-0.420377793271651,,,15,68,16.0,18.0,17.0,,2.0
2026-02-27T07:38:29.341165+00:00,KXNBAGAME-26FEB28TORWAS-WAS,0.17,0.18,0.175,,0.01,0.13615957328592065,,,13,32,17.0,18.0,17.5,,1.0
2026-02-27T07:45:52.987030+00:00,KXNBAGAME-26FEB28TORWAS-WAS,0.14,0.18,0.16,,0.04,-0.4202040731830549,,,14,68,14.0,18.0,16.0,,4.0
2026-02-27T07:47:41.509931+00:00,KXNBAGAME-26FEB28TORWAS-WAS,0.17,0.18,0.175,,0.01,0.13615957328592065,,,13,32,17.0,18.0,17.5,,1.0
2026-02-27T07:56:54.240935+00:00,KXNBAGAME-26FEB28TORWAS-WAS,0.17,0.18,0.175,,0.01,0.13615957328592065,,,13,32,17.0,18.0,17.5,,1.0
2026-02-27T07:57:25.023115+00:00,KXNBAGAME-26FEB28TORWAS-WAS,0.15,0.18,0.165,,0.03,-0.42135124316508754,,,15,68,15.0,18.0,16.5,,3.0
2026-02-27T08:06:07.739883+00:00,KXNBAGAME-26FEB28TORWAS-WAS,0.17,0.18,0.175,,0.01,0.13615957328592065,,,13,32,17.0,18.0,17.5,,1.0
2026-02-27T08:08:56.430685+00:00,KXNBAGAME-26FEB28TORWAS-WAS,0.14,0.18,0.16,,0.04,-0.4211254933448233,,,14,69,14.0,18.0,16.0,,4.0
2026-02-27T08:15:18.812926+00:00,KXNBAGAME-26FEB28TORWAS-WAS,0.17,0.18,0.175,,0.01,0.13615957328592065,,,13,32,17.0,18.0,17.5,,1.0
2026-02-27T08:20:27.583034+00:00,KXNBAGAME-26FEB28TORWAS-WAS,0.15,0.17,0.16,,0.02,-0.42217520132677344,,,15,71,15.0,17.0,16.0,,2.0
2026-02-27T08:24:30.263875+00:00,KXNBAGAME-26FEB28TORWAS-WAS,0.17,0.18,0.175,,0.01,0.13615957328592065,,,13,32,17.0,18.0,17.5,,1.0
2026-02-27T08:32:09.419290+00:00,KXNBAGAME-26FEB28TORWAS-WAS,0.15,0.17,0.16,,0.02,-0.42281155829124933,,,15,72,15.0,17.0,16.0,,2.0
2026-02-27T08:33:38.559016+00:00,KXNBAGAME-26FEB28TORWAS-WAS,0.17,0.18,0.175,,0.01,0.13615957328592065,,,13,32,17.0,18.0,17.5,,1.0
2026-02-27T08:42:43.899724+00:00,KXNBAGAME-26FEB28TORWAS-WAS,0.17,0.18,0.175,,0.01,0.13615957328592065,,,13,32,17.0,18.0,17.5,,1.0
2026-02-27T08:43:49.650472+00:00,KXNBAGAME-26FEB28TORWAS-WAS,0.15,0.17,0.16,,0.02,-0.4229337458866129,,,15,72,15.0,17.0,16.0,,2.0
2026-02-27T08:51:51.516819+00:00,KXNBAGAME-26FEB28TORWAS-WAS,0.17,0.18,0.175,,0.01,0.13615957328592065,,,13,32,17.0,18.0,17.5,,1.0
2026-02-27T08:55:29.888560+00:00,KXNBAGAME-26FEB28TORWAS-WAS,0.15,0.17,0.16,,0.02,-0.42318282140579455,,,15,72,15.0,17.0,16.0,,2.0
2026-02-27T09:00:59.510537+00:00,KXNBAGAME-26FEB28TORWAS-WAS,0.17,0.18,0.175,,0.01,0.13615957328592065,,,13,32,17.0,18.0,17.5,,1.0
2026-02-27T09:07:08.890059+00:00,KXNBAGAME-26FEB28TORWAS-WAS,0.15,0.17,0.16,,0.02,-0.42247659696363987,,,15,72,15.0,17.0,16.0,,2.0
2026-02-27T09:10:12.254155+00:00,KXNBAGAME-26FEB28TORWAS-WAS,0.17,0.18,0.175,,0.01,0.13615957328592065,,,13,32,17.0,18.0,17.5,,1.0
2026-02-27T09:18:48.735154+00:00,KXNBAGAME-26FEB28TORWAS-WAS,0.15,0.17,0.16,,0.02,-0.42247659696363987,,,15,72,15.0,17.0,16.0,,2.0
2026-02-27T09:19:31.416372+00:00,KXNBAGAME-26FEB28TORWAS-WAS,0.17,0.18,0.175,,0.01,0.13615957328592065,,,13,32,17.0,18.0,17.5,,1.0
2026-02-27T09:28:46.818029+00:00,KXNBAGAME-26FEB28TORWAS-WAS,0.17,0.18,0.175,,0.01,0.13615957328592065,,,13,32,17.0,18.0,17.5,,1.0
2026-02-27T09:30:37.427213+00:00,KXNBAGAME-26FEB28TORWAS-WAS,0.15,0.17,0.16,,0.02,-0.4200850498249665,,,15,70,15.0,17.0,16.0,,2.0
2026-02-27T09:38:01.038542+00:00,KXNBAGAME-26FEB28TORWAS-WAS,0.17,0.18,0.175,,0.01,0.13615957328592065,,,13,32,17.0,18.0,17.5,,1.0
2026-02-27T09:42:26.978547+00:00,KXNBAGAME-26FEB28TORWAS-WAS,0.15,0.17,0.16,,0.02,-0.4223591502308575,,,15,72,15.0,17.0,16.0,,2.0
2026-02-27T09:47:15.334697+00:00,KXNBAGAME-26FEB28TORWAS-WAS,0.17,0.18,0.175,,0.01,0.13615957328592065,,,13,32,17.0,18.0,17.5,,1.0
2026-02-27T09:54:16.268313+00:00,KXNBAGAME-26FEB28TORWAS-WAS,0.13,0.16,0.145,,0.03,-0.4220835217568171,,,13,73,13.0,16.0,14.5,,3.0
2026-02-27T09:56:28.253270+00:00,KXNBAGAME-26FEB28TORWAS-WAS,0.17,0.18,0.175,,0.01,0.13615957328592065,,,13,32,17.0,18.0,17.5,,1.0
2026-02-27T10:05:43.209525+00:00,KXNBAGAME-26FEB28TORWAS-WAS,0.17,0.18,0.175,,0.01,0.13615957328592065,,,13,32,17.0,18.0,17.5,,1.0
2026-02-27T10:06:04.189119+00:00,KXNBAGAME-26FEB28TORWAS-WAS,0.14,0.16,0.15,,0.02,-0.4228803807774206,,,14,73,14.0,16.0,15.0,,2.0
2026-02-27T10:14:59.358219+00:00,KXNBAGAME-26FEB28TORWAS-WAS,0.17,0.18,0.175,,0.01,0.13615957328592065,,,13,32,17.0,18.0,17.5,,1.0
2026-02-27T10:17:52.310413+00:00,KXNBAGAME-26FEB28TORWAS-WAS,0.14,0.17,0.155,,0.03,-0.422877755511022,,,14,72,14.0,17.0,15.5,,3.0
2026-02-27T10:24:12.853669+00:00,KXNBAGAME-26FEB28TORWAS-WAS,0.17,0.18,0.175,,0.01,0.13615957328592065,,,13,32,17.0,18.0,17.5,,1.0
2026-02-27T10:29:49.030519+00:00,KXNBAGAME-26FEB28TORWAS-WAS,0.14,0.17,0.155,,0.03,-0.4230196736016928,,,14,72,14.0,17.0,15.5,,3.0
2026-02-27T10:33:30.251125+00:00,KXNBAGAME-26FEB28TORWAS-WAS,0.17,0.18,0.175,,0.01,0.13615957328592065,,,13,32,17.0,18.0,17.5,,1.0
2026-02-27T10:41:46.674613+00:00,KXNBAGAME-26FEB28TORWAS-WAS,0.14,0.16,0.15,,0.02,-0.42242109469704686,,,14,73,14.0,16.0,15.0,,2.0
2026-02-27T10:42:47.497402+00:00,KXNBAGAME-26FEB28TORWAS-WAS,0.17,0.18,0.175,,0.01,0.13615957328592065,,,13,32,17.0,18.0,17.5,,1.0
2026-02-27T10:52:04.349588+00:00,KXNBAGAME-26FEB28TORWAS-WAS,0.17,0.18,0.175,,0.01,0.13615957328592065,,,13,32,17.0,18.0,17.5,,1.0
2026-02-27T10:53:44.036959+00:00,KXNBAGAME-26FEB28TORWAS-WAS,0.14,0.17,0.155,,0.03,-0.42252786974473533,,,14,72,14.0,17.0,15.5,,3.0
2026-02-27T11:01:21.366918+00:00,KXNBAGAME-26FEB28TORWAS-WAS,0.17,0.18,0.175,,0.01,0.13615957328592065,,,13,32,17.0,18.0,17.5,,1.0
2026-02-27T11:05:40.215982+00:00,KXNBAGAME-26FEB28TORWAS-WAS,0.14,0.17,0.155,,0.03,-0.4225192429133749,,,14,72,14.0,17.0,15.5,,3.0
2026-02-27T11:10:39.046886+00:00,KXNBAGAME-26FEB28TORWAS-WAS,0.17,0.18,0.175,,0.01,0.13615957328592065,,,13,32,17.0,18.0,17.5,,1.0
2026-02-27T11:19:57.855362+00:00,KXNBAGAME-26FEB28TORWAS-WAS,0.17,0.18,0.175,,0.01,0.13615957328592065,,,13,32,17.0,18.0,17.5,,1.0
2026-02-27T11:29:16.178872+00:00,KXNBAGAME-26FEB28TORWAS-WAS,0.17,0.18,0.175,,0.01,0.13615957328592065,,,13,32,17.0,18.0,17.5,,1.0
2026-02-27T11:38:33.719363+00:00,KXNBAGAME-26FEB28TORWAS-WAS,0.17,0.18,0.175,,0.01,0.13615957328592065,,,13,32,17.0,18.0,17.5,,1.0
2026-02-27T11:47:48.463753+00:00,KXNBAGAME-26FEB28TORWAS-WAS,0.17,0.18,0.175,,0.01,0.13615957328592065,,,13,32,17.0,18.0,17.5,,1.0
2026-02-27T11:56:58.565395+00:00,KXNBAGAME-26FEB28TORWAS-WAS,0.17,0.18,0.175,,0.01,0.13615957328592065,,,13,32,17.0,18.0,17.5,,1.0
2026-02-27T12:06:07.706673+00:00,KXNBAGAME-26FEB28TORWAS-WAS,0.17,0.18,0.175,,0.01,0.13615957328592065,,,13,32,17.0,18.0,17.5,,1.0
2026-02-27T12:09:14.516053+00:00,KXNBAGAME-26FEB28TORWAS-WAS,0.14,0.16,0.15,0.14001955034213098,0.02,-0.42217982669717363,1.0,1022.0,14,72,14.0,16.0,15.0,14.0,2.0
2026-02-27T12:15:17.936329+00:00,KXNBAGAME-26FEB28TORWAS-WAS,0.17,0.18,0.175,,0.01,0.13615957328592065,,,13,32,17.0,18.0,17.5,,1.0
2026-02-27T12:19:59.625081+00:00,KXNBAGAME-26FEB28TORWAS-WAS,0.14,0.16,0.15,0.14175,0.02,-0.4220389405086679,98.0,1022.0,14,72,14.0,16.0,15.0,14.2,2.0
2026-02-27T12:24:28.487109+00:00,KXNBAGAME-26FEB28TORWAS-WAS,0.17,0.18,0.175,,0.01,0.13615957328592065,,,13,32,17.0,18.0,17.5,,1.0
2026-02-27T12:32:25.763630+00:00,KXNBAGAME-26FEB28TORWAS-WAS,0.14,0.16,0.15,0.14175,0.02,-0.4220455802182893,98.0,1022.0,14,72,14.0,16.0,15.0,14.2,2.0
2026-02-27T12:33:36.649898+00:00,KXNBAGAME-26FEB28TORWAS-WAS,0.17,0.18,0.175,,0.01,0.13615957328592065,,,13,32,17.0,18.0,17.5,,1.0
2026-02-27T12:42:48.362216+00:00,KXNBAGAME-26FEB28TORWAS-WAS,0.17,0.18,0.175,,0.01,0.13615957328592065,,,13,32,17.0,18.0,17.5,,1.0
2026-02-27T12:44:54.759119+00:00,KXNBAGAME-26FEB28TORWAS-WAS,0.14,0.16,0.15,0.14820083682008367,0.02,-0.42195823407092725,98.0,141.0,14,73,14.0,16.0,15.0,14.8,2.0
2026-02-27T12:51:59.161882+00:00,KXNBAGAME-26FEB28TORWAS-WAS,0.17,0.18,0.175,,0.01,0.13615957328592065,,,13,32,17.0,18.0,17.5,,1.0
2026-02-27T12:57:24.157519+00:00,KXNBAGAME-26FEB28TORWAS-WAS,0.14,0.16,0.15,0.14820083682008367,0.02,-0.42189024424819144,98.0,141.0,14,73,14.0,16.0,15.0,14.8,2.0
2026-02-27T13:01:07.948139+00:00,KXNBAGAME-26FEB28TORWAS-WAS,0.17,0.18,0.175,,0.01,0.13615957328592065,,,13,32,17.0,18.0,17.5,,1.0
2026-02-27T13:09:54.739789+00:00,KXNBAGAME-26FEB28TORWAS-WAS,0.14,0.16,0.15,0.1401801801801802,0.02,-0.42202322218001975,1.0,110.0,14,73,14.0,16.0,15.0,14.0,2.0
2026-02-27T13:10:17.010803+00:00,KXNBAGAME-26FEB28TORWAS-WAS,0.17,0.18,0.175,,0.01,0.13615957328592065,,,13,32,17.0,18.0,17.5,,1.0
2026-02-27T13:19:24.908066+00:00,KXNBAGAME-26FEB28TORWAS-WAS,0.17,0.18,0.175,,0.01,0.13615957328592065,,,13,32,17.0,18.0,17.5,,1.0
2026-02-27T13:22:23.854463+00:00,KXNBAGAME-26FEB28TORWAS-WAS,0.14,0.16,0.15,0.14264248704663213,0.02,-0.42195742626062,102.0,670.0,14,72,14.0,16.0,15.0,14.3,2.0
2026-02-27T13:28:33.339373+00:00,KXNBAGAME-26FEB28TORWAS-WAS,0.17,0.18,0.175,,0.01,0.13615957328592065,,,13,32,17.0,18.0,17.5,,1.0
2026-02-27T13:35:01.754437+00:00,KXNBAGAME-26FEB28TORWAS-WAS,0.14,0.16,0.15,0.14125,0.02,-0.42196266329883847,1.0,15.0,14,73,14.0,16.0,15.0,14.1,2.0
2026-02-27T13:37:40.603976+00:00,KXNBAGAME-26FEB28TORWAS-WAS,0.17,0.18,0.175,,0.01,0.13615957328592065,,,13,32,17.0,18.0,17.5,,1.0
2026-02-27T13:46:48.140011+00:00,KXNBAGAME-26FEB28TORWAS-WAS,0.17,0.18,0.175,,0.01,0.13615957328592065,,,13,32,17.0,18.0,17.5,,1.0
2026-02-27T13:47:40.383615+00:00,KXNBAGAME-26FEB28TORWAS-WAS,0.14,0.16,0.15,0.14022988505747128,0.02,-0.4211936636606388,1.0,86.0,14,73,14.0,16.0,15.0,14.0,2.0
2026-02-27T13:55:56.181188+00:00,KXNBAGAME-26FEB28TORWAS-WAS,0.17,0.18,0.175,,0.01,0.13615957328592065,,,13,32,17.0,18.0,17.5,,1.0
2026-02-27T14:00:18.360807+00:00,KXNBAGAME-26FEB28TORWAS-WAS,0.13,0.16,0.145,0.15859323882224646,0.03,-0.4217494275992267,1748.0,86.0,13,73,13.0,16.0,14.5,15.9,3.0
2026-02-27T14:05:02.081211+00:00,KXNBAGAME-26FEB28TORWAS-WAS,0.17,0.18,0.175,,0.01,0.13615957328592065,,,13,32,17.0,18.0,17.5,,1.0
2026-02-27T14:12:58.096579+00:00,KXNBAGAME-26FEB28TORWAS-WAS,0.13,0.16,0.145,0.15940894568690095,0.03,-0.41893397254537745,1841.0,37.0,13,70,13.0,16.0,14.5,15.9,3.0
2026-02-27T14:14:08.291096+00:00,KXNBAGAME-26FEB28TORWAS-WAS,0.17,0.18,0.175,,0.01,0.13615957328592065,,,13,32,17.0,18.0,17.5,,1.0
2026-02-27T14:23:15.831010+00:00,KXNBAGAME-26FEB28TORWAS-WAS,0.17,0.18,0.175,,0.01,0.13615957328592065,,,13,32,17.0,18.0,17.5,,1.0
2026-02-27T14:25:54.591934+00:00,KXNBAGAME-26FEB28TORWAS-WAS,0.14,0.17,0.155,0.14181733457595527,0.03,-0.42195929088642536,195.0,3024.0,14,72,14.0,17.0,15.5,14.2,3.0
2026-02-27T14:32:23.496420+00:00,KXNBAGAME-26FEB28TORWAS-WAS,0.17,0.18,0.175,,0.01,0.13615957328592065,,,13,32,17.0,18.0,17.5,,1.0
2026-02-27T14:38:55.120601+00:00,KXNBAGAME-26FEB28TORWAS-WAS,0.14,0.17,0.155,0.14000960614793467,0.03,-0.4218246614112527,1.0,3122.0,14,72,14.0,17.0,15.5,14.0,3.0
2026-02-27T14:41:30.005783+00:00,KXNBAGAME-26FEB28TORWAS-WAS,0.17,0.18,0.175,,0.01,0.13615957328592065,,,13,32,17.0,18.0,17.5,,1.0
2026-02-27T14:50:38.179565+00:00,KXNBAGAME-26FEB28TORWAS-WAS,0.17,0.18,0.175,,0.01,0.13615957328592065,,,13,32,17.0,18.0,17.5,,1.0
2026-02-27T14:51:51.764214+00:00,KXNBAGAME-26FEB28TORWAS-WAS,0.14,0.17,0.155,0.1411495673671199,0.03,-0.4218318788816821,124.0,3112.0,14,72,14.0,17.0,15.5,14.1,3.0
2026-02-27T14:59:45.686351+00:00,KXNBAGAME-26FEB28TORWAS-WAS,0.17,0.18,0.175,,0.01,0.13615957328592065,,,13,32,17.0,18.0,17.5,,1.0
2026-02-27T15:04:46.663155+00:00,KXNBAGAME-26FEB28TORWAS-WAS,0.14,0.16,0.15,0.14181818181818182,0.02,-0.4214235205351592,1.0,10.0,14,73,14.0,16.0,15.0,14.2,2.0
2026-02-27T15:08:53.401334+00:00,KXNBAGAME-26FEB28TORWAS-WAS,0.17,0.18,0.175,,0.01,0.13615957328592065,,,13,32,17.0,18.0,17.5,,1.0
2026-02-27T15:17:42.859820+00:00,KXNBAGAME-26FEB28TORWAS-WAS,0.16,0.18,0.17,0.16003311258278147,0.02,-0.4219555765952027,1.0,603.0,16,72,16.0,18.0,17.0,16.0,2.0
2026-02-27T15:18:00.537319+00:00,KXNBAGAME-26FEB28TORWAS-WAS,0.17,0.18,0.175,,0.01,0.13615957328592065,,,13,32,17.0,18.0,17.5,,1.0
2026-02-27T15:27:08.016015+00:00,KXNBAGAME-26FEB28TORWAS-WAS,0.17,0.18,0.175,,0.01,0.13615957328592065,,,13,32,17.0,18.0,17.5,,1.0
2026-02-27T15:30:58.114812+00:00,KXNBAGAME-26FEB28TORWAS-WAS,0.16,0.18,0.17,0.16429333333333335,0.02,-0.4216080452360833,161.0,589.0,16,72,16.0,18.0,17.0,16.4,2.0
2026-02-27T15:36:15.249788+00:00,KXNBAGAME-26FEB28TORWAS-WAS,0.17,0.18,0.175,,0.01,0.13615957328592065,,,13,32,17.0,18.0,17.5,,1.0
2026-02-27T15:44:16.488421+00:00,KXNBAGAME-26FEB28TORWAS-WAS,0.16,0.18,0.17,0.16429333333333335,0.02,-0.4216080452360833,161.0,589.0,16,72,16.0,18.0,17.0,16.4,2.0
2026-02-27T15:45:21.984174+00:00,KXNBAGAME-26FEB28TORWAS-WAS,0.17,0.18,0.175,,0.01,0.13615957328592065,,,13,32,17.0,18.0,17.5,,1.0
2026-02-27T15:54:30.266674+00:00,KXNBAGAME-26FEB28TORWAS-WAS,0.17,0.18,0.175,,0.01,0.13615957328592065,,,13,32,17.0,18.0,17.5,,1.0
2026-02-27T15:57:34.405860+00:00,KXNBAGAME-26FEB28TORWAS-WAS,0.16,0.18,0.17,0.16429333333333335,0.02,-0.4216080452360833,161.0,589.0,16,72,16.0,18.0,17.0,16.4,2.0
2026-02-27T16:03:37.110865+00:00,KXNBAGAME-26FEB28TORWAS-WAS,0.17,0.18,0.175,,0.01,0.13615957328592065,,,13,32,17.0,18.0,17.5,,1.0
2026-02-27T16:10:52.200578+00:00,KXNBAGAME-26FEB28TORWAS-WAS,0.16,0.18,0.17,0.16429333333333335,0.02,-0.4216080452360833,161.0,589.0,16,72,16.0,18.0,17.0,16.4,2.0
2026-02-27T16:12:43.852796+00:00,KXNBAGAME-26FEB28TORWAS-WAS,0.17,0.18,0.175,,0.01,0.13615957328592065,,,13,32,17.0,18.0,17.5,,1.0
2026-02-27T16:21:50.532777+00:00,KXNBAGAME-26FEB28TORWAS-WAS,0.17,0.18,0.175,,0.01,0.13615957328592065,,,13,32,17.0,18.0,17.5,,1.0
2026-02-27T16:24:08.521946+00:00,KXNBAGAME-26FEB28TORWAS-WAS,0.16,0.18,0.17,0.16429333333333335,0.02,-0.4216080452360833,161.0,589.0,16,72,16.0,18.0,17.0,16.4,2.0
2026-02-27T16:30:56.013073+00:00,KXNBAGAME-26FEB28TORWAS-WAS,0.17,0.18,0.175,,0.01,0.13615957328592065,,,13,32,17.0,18.0,17.5,,1.0
2026-02-27T16:37:41.344519+00:00,KXNBAGAME-26FEB28TORWAS-WAS,0.16,0.18,0.17,0.16429333333333335,0.02,-0.4216080452360833,161.0,589.0,16,72,16.0,18.0,17.0,16.4,2.0
2026-02-27T16:40:00.975156+00:00,KXNBAGAME-26FEB28TORWAS-WAS,0.17,0.18,0.175,,0.01,0.13615957328592065,,,13,32,17.0,18.0,17.5,,1.0
2026-02-27T16:49:04.216211+00:00,KXNBAGAME-26FEB28TORWAS-WAS,0.17,0.18,0.175,,0.01,0.13615957328592065,,,13,32,17.0,18.0,17.5,,1.0
2026-02-27T16:51:11.355406+00:00,KXNBAGAME-26FEB28TORWAS-WAS,0.16,0.18,0.17,0.16429333333333335,0.02,-0.4216080452360833,161.0,589.0,16,72,16.0,18.0,17.0,16.4,2.0
2026-02-27T16:58:04.974122+00:00,KXNBAGAME-26FEB28TORWAS-WAS,0.17,0.18,0.175,,0.01,0.13615957328592065,,,13,32,17.0,18.0,17.5,,1.0
2026-02-27T17:04:44.510653+00:00,KXNBAGAME-26FEB28TORWAS-WAS,0.16,0.18,0.17,0.16429333333333335,0.02,-0.4216080452360833,161.0,589.0,16,72,16.0,18.0,17.0,16.4,2.0
2026-02-27T17:07:06.275377+00:00,KXNBAGAME-26FEB28TORWAS-WAS,0.17,0.18,0.175,,0.01,0.13615957328592065,,,13,32,17.0,18.0,17.5,,1.0
2026-02-27T17:16:07.178995+00:00,KXNBAGAME-26FEB28TORWAS-WAS,0.17,0.18,0.175,,0.01,0.13615957328592065,,,13,32,17.0,18.0,17.5,,1.0
2026-02-27T17:18:20.291185+00:00,KXNBAGAME-26FEB28TORWAS-WAS,0.16,0.18,0.17,0.16429333333333335,0.02,-0.4216080452360833,161.0,589.0,16,72,16.0,18.0,17.0,16.4,2.0
2026-02-27T17:25:07.025025+00:00,KXNBAGAME-26FEB28TORWAS-WAS,0.17,0.18,0.175,,0.01,0.13615957328592065,,,13,32,17.0,18.0,17.5,,1.0
2026-02-27T17:31:57.014496+00:00,KXNBAGAME-26FEB28TORWAS-WAS,0.16,0.18,0.17,0.16429333333333335,0.02,-0.4216080452360833,161.0,589.0,16,72,16.0,18.0,17.0,16.4,2.0
2026-02-27T17:34:06.995789+00:00,KXNBAGAME-26FEB28TORWAS-WAS,0.17,0.18,0.175,,0.01,0.13615957328592065,,,13,32,17.0,18.0,17.5,,1.0
2026-02-27T17:43:07.295223+00:00,KXNBAGAME-26FEB28TORWAS-WAS,0.17,0.18,0.175,,0.01,0.13615957328592065,,,13,32,17.0,18.0,17.5,,1.0
2026-02-27T17:45:51.813333+00:00,KXNBAGAME-26FEB28TORWAS-WAS,0.16,0.18,0.17,0.16429333333333335,0.02,-0.4216080452360833,161.0,589.0,16,72,16.0,18.0,17.0,16.4,2.0
2026-02-27T17:52:08.491746+00:00,KXNBAGAME-26FEB28TORWAS-WAS,0.17,0.18,0.175,,0.01,0.13615957328592065,,,13,32,17.0,18.0,17.5,,1.0
2026-02-27T17:59:46.628470+00:00,KXNBAGAME-26FEB28TORWAS-WAS,0.16,0.18,0.17,0.16429333333333335,0.02,-0.4216080452360833,161.0,589.0,16,72,16.0,18.0,17.0,16.4,2.0
2026-02-27T18:01:08.832104+00:00,KXNBAGAME-26FEB28TORWAS-WAS,0.17,0.18,0.175,,0.01,0.13615957328592065,,,13,32,17.0,18.0,17.5,,1.0
2026-02-27T18:10:08.798571+00:00,KXNBAGAME-26FEB28TORWAS-WAS,0.17,0.18,0.175,,0.01,0.13615957328592065,,,13,32,17.0,18.0,17.5,,1.0
2026-02-27T18:13:38.256084+00:00,KXNBAGAME-26FEB28TORWAS-WAS,0.16,0.18,0.17,0.16429333333333335,0.02,-0.4216080452360833,161.0,589.0,16,72,16.0,18.0,17.0,16.4,2.0
2026-02-27T18:19:09.443509+00:00,KXNBAGAME-26FEB28TORWAS-WAS,0.17,0.18,0.175,,0.01,0.13615957328592065,,,13,32,17.0,18.0,17.5,,1.0
2026-02-27T18:27:47.189890+00:00,KXNBAGAME-26FEB28TORWAS-WAS,0.16,0.18,0.17,0.16429333333333335,0.02,-0.4216080452360833,161.0,589.0,16,72,16.0,18.0,17.0,16.4,2.0
2026-02-27T18:28:08.219371+00:00,KXNBAGAME-26FEB28TORWAS-WAS,0.17,0.18,0.175,,0.01,0.13615957328592065,,,13,32,17.0,18.0,17.5,,1.0
2026-02-27T18:37:10.096885+00:00,KXNBAGAME-26FEB28TORWAS-WAS,0.17,0.18,0.175,,0.01,0.13615957328592065,,,13,32,17.0,18.0,17.5,,1.0
2026-02-27T18:41:58.351455+00:00,KXNBAGAME-26FEB28TORWAS-WAS,0.16,0.18,0.17,0.16429333333333335,0.02,-0.4216080452360833,161.0,589.0,16,72,16.0,18.0,17.0,16.4,2.0
2026-02-27T18:46:10.152031+00:00,KXNBAGAME-26FEB28TORWAS-WAS,0.17,0.18,0.175,,0.01,0.13615957328592065,,,13,32,17.0,18.0,17.5,,1.0
2026-02-27T18:55:10.100248+00:00,KXNBAGAME-26FEB28TORWAS-WAS,0.17,0.18,0.175,,0.01,0.13615957328592065,,,13,32,17.0,18.0,17.5,,1.0
2026-02-27T18:56:13.205332+00:00,KXNBAGAME-26FEB28TORWAS-WAS,0.16,0.18,0.17,0.16429333333333335,0.02,-0.4216080452360833,161.0,589.0,16,72,16.0,18.0,17.0,16.4,2.0
2026-02-27T19:04:10.297693+00:00,KXNBAGAME-26FEB28TORWAS-WAS,0.17,0.18,0.175,,0.01,0.13615957328592065,,,13,32,17.0,18.0,17.5,,1.0
2026-02-27T19:10:26.598481+00:00,KXNBAGAME-26FEB28TORWAS-WAS,0.16,0.18,0.17,0.16429333333333335,0.02,-0.4216080452360833,161.0,589.0,16,72,16.0,18.0,17.0,16.4,2.0
2026-02-27T19:13:09.926752+00:00,KXNBAGAME-26FEB28TORWAS-WAS,0.17,0.18,0.175,,0.01,0.13615957328592065,,,13,32,17.0,18.0,17.5,,1.0
2026-02-27T19:22:09.098088+00:00,KXNBAGAME-26FEB28TORWAS-WAS,0.17,0.18,0.175,,0.01,0.13615957328592065,,,13,32,17.0,18.0,17.5,,1.0
2026-02-27T19:24:40.270855+00:00,KXNBAGAME-26FEB28TORWAS-WAS,0.16,0.18,0.17,0.16429333333333335,0.02,-0.4216080452360833,161.0,589.0,16,72,16.0,18.0,17.0,16.4,2.0
2026-02-27T19:31:09.066376+00:00,KXNBAGAME-26FEB28TORWAS-WAS,0.17,0.18,0.175,,0.01,0.13615957328592065,,,13,32,17.0,18.0,17.5,,1.0
2026-02-27T19:39:12.240550+00:00,KXNBAGAME-26FEB28TORWAS-WAS,0.16,0.18,0.17,0.16429333333333335,0.02,-0.4216080452360833,161.0,589.0,16,72,16.0,18.0,17.0,16.4,2.0
2026-02-27T19:40:09.234748+00:00,KXNBAGAME-26FEB28TORWAS-WAS,0.17,0.18,0.175,,0.01,0.13615957328592065,,,13,32,17.0,18.0,17.5,,1.0
2026-02-27T19:49:08.865755+00:00,KXNBAGAME-26FEB28TORWAS-WAS,0.17,0.18,0.175,,0.01,0.13615957328592065,,,13,32,17.0,18.0,17.5,,1.0
2026-02-27T19:53:45.638650+00:00,KXNBAGAME-26FEB28TORWAS-WAS,0.16,0.18,0.17,0.16429333333333335,0.02,-0.4216080452360833,161.0,589.0,16,72,16.0,18.0,17.0,16.4,2.0
2026-02-27T19:58:10.022236+00:00,KXNBAGAME-26FEB28TORWAS-WAS,0.17,0.18,0.175,,0.01,0.13615957328592065,,,13,32,17.0,18.0,17.5,,1.0
2026-02-27T20:07:09.824588+00:00,KXNBAGAME-26FEB28TORWAS-WAS,0.17,0.18,0.175,,0.01,0.13615957328592065,,,13,32,17.0,18.0,17.5,,1.0
2026-02-27T20:08:20.514864+00:00,KXNBAGAME-26FEB28TORWAS-WAS,0.16,0.18,0.17,0.16429333333333335,0.02,-0.4216080452360833,161.0,589.0,16,72,16.0,18.0,17.0,16.4,2.0
2026-02-27T20:16:11.213029+00:00,KXNBAGAME-26FEB28TORWAS-WAS,0.17,0.18,0.175,,0.01,0.13615957328592065,,,13,32,17.0,18.0,17.5,,1.0
2026-02-27T20:22:55.927952+00:00,KXNBAGAME-26FEB28TORWAS-WAS,0.16,0.18,0.17,0.16429333333333335,0.02,-0.4216080452360833,161.0,589.0,16,72,16.0,18.0,17.0,16.4,2.0
2026-02-27T20:25:10.826341+00:00,KXNBAGAME-26FEB28TORWAS-WAS,0.17,0.18,0.175,,0.01,0.13615957328592065,,,13,32,17.0,18.0,17.5,,1.0
2026-02-27T20:34:09.621935+00:00,KXNBAGAME-26FEB28TORWAS-WAS,0.17,0.18,0.175,,0.01,0.13615957328592065,,,13,32,17.0,18.0,17.5,,1.0
2026-02-27T20:37:37.984995+00:00,KXNBAGAME-26FEB28TORWAS-WAS,0.16,0.18,0.17,0.16429333333333335,0.02,-0.4216080452360833,161.0,589.0,16,72,16.0,18.0,17.0,16.4,2.0
2026-02-27T20:43:07.965749+00:00,KXNBAGAME-26FEB28TORWAS-WAS,0.17,0.18,0.175,,0.01,0.13615957328592065,,,13,32,17.0,18.0,17.5,,1.0
2026-02-27T20:52:08.875611+00:00,KXNBAGAME-26FEB28TORWAS-WAS,0.17,0.18,0.175,,0.01,0.13615957328592065,,,13,32,17.0,18.0,17.5,,1.0
2026-02-27T20:52:21.077936+00:00,KXNBAGAME-26FEB28TORWAS-WAS,0.16,0.18,0.17,0.16429333333333335,0.02,-0.4216080452360833,161.0,589.0,16,72,16.0,18.0,17.0,16.4,2.0
2026-02-27T21:01:08.694878+00:00,KXNBAGAME-26FEB28TORWAS-WAS,0.17,0.18,0.175,,0.01,0.13615957328592065,,,13,32,17.0,18.0,17.5,,1.0
2026-02-27T21:07:08.633958+00:00,KXNBAGAME-26FEB28TORWAS-WAS,0.16,0.18,0.17,0.16429333333333335,0.02,-0.4216080452360833,161.0,589.0,16,72,16.0,18.0,17.0,16.4,2.0
2026-02-27T21:10:06.885920+00:00,KXNBAGAME-26FEB28TORWAS-WAS,0.17,0.18,0.175,,0.01,0.13615957328592065,,,13,32,17.0,18.0,17.5,,1.0
2026-02-27T21:19:05.514450+00:00,KXNBAGAME-26FEB28TORWAS-WAS,0.17,0.18,0.175,,0.01,0.13615957328592065,,,13,32,17.0,18.0,17.5,,1.0
2026-02-27T21:21:55.899405+00:00,KXNBAGAME-26FEB28TORWAS-WAS,0.16,0.18,0.17,0.16429333333333335,0.02,-0.4216080452360833,161.0,589.0,16,72,16.0,18.0,17.0,16.4,2.0
2026-02-27T21:28:03.369145+00:00,KXNBAGAME-26FEB28TORWAS-WAS,0.17,0.18,0.175,,0.01,0.13615957328592065,,,13,32,17.0,18.0,17.5,,1.0
2026-02-27T21:36:45.522671+00:00,KXNBAGAME-26FEB28TORWAS-WAS,0.16,0.18,0.17,0.16429333333333335,0.02,-0.4216080452360833,161.0,589.0,16,72,16.0,18.0,17.0,16.4,2.0
2026-02-27T21:37:03.296350+00:00,KXNBAGAME-26FEB28TORWAS-WAS,0.17,0.18,0.175,,0.01,0.13615957328592065,,,13,32,17.0,18.0,17.5,,1.0
2026-02-27T21:46:03.670555+00:00,KXNBAGAME-26FEB28TORWAS-WAS,0.17,0.18,0.175,,0.01,0.13615957328592065,,,13,32,17.0,18.0,17.5,,1.0
2026-02-27T21:51:50.101327+00:00,KXNBAGAME-26FEB28TORWAS-WAS,0.16,0.18,0.17,0.16429333333333335,0.02,-0.4216080452360833,161.0,589.0,16,72,16.0,18.0,17.0,16.4,2.0
2026-02-27T21:55:03.693870+00:00,KXNBAGAME-26FEB28TORWAS-WAS,0.17,0.18,0.175,,0.01,0.13615957328592065,,,13,32,17.0,18.0,17.5,,1.0
2026-02-27T22:04:03.507427+00:00,KXNBAGAME-26FEB28TORWAS-WAS,0.17,0.18,0.175,,0.01,0.13615957328592065,,,13,32,17.0,18.0,17.5,,1.0
2026-02-27T22:06:54.975326+00:00,KXNBAGAME-26FEB28TORWAS-WAS,0.16,0.18,0.17,0.16429333333333335,0.02,-0.4216080452360833,161.0,589.0,16,72,16.0,18.0,17.0,16.4,2.0
2026-02-27T22:13:04.065861+00:00,KXNBAGAME-26FEB28TORWAS-WAS,0.17,0.18,0.175,,0.01,0.13615957328592065,,,13,32,17.0,18.0,17.5,,1.0
2026-02-27T22:22:00.443460+00:00,KXNBAGAME-26FEB28TORWAS-WAS,0.16,0.18,0.17,0.16429333333333335,0.02,-0.4216080452360833,161.0,589.0,16,72,16.0,18.0,17.0,16.4,2.0
2026-02-27T22:22:04.429063+00:00,KXNBAGAME-26FEB28TORWAS-WAS,0.17,0.18,0.175,,0.01,0.13615957328592065,,,13,32,17.0,18.0,17.5,,1.0
2026-02-27T22:31:03.377042+00:00,KXNBAGAME-26FEB28TORWAS-WAS,0.17,0.18,0.175,,0.01,0.13615957328592065,,,13,32,17.0,18.0,17.5,,1.0
2026-02-27T22:37:16.436240+00:00,KXNBAGAME-26FEB28TORWAS-WAS,0.16,0.18,0.17,0.16429333333333335,0.02,-0.4216080452360833,161.0,589.0,16,72,16.0,18.0,17.0,16.4,2.0
2026-02-27T22:40:03.375426+00:00,KXNBAGAME-26FEB28TORWAS-WAS,0.17,0.18,0.175,,0.01,0.13615957328592065,,,13,32,17.0,18.0,17.5,,1.0
2026-02-27T22:49:03.646049+00:00,KXNBAGAME-26FEB28TORWAS-WAS,0.17,0.18,0.175,,0.01,0.13615957328592065,,,13,32,17.0,18.0,17.5,,1.0
2026-02-27T22:52:31.312533+00:00,KXNBAGAME-26FEB28TORWAS-WAS,0.16,0.18,0.17,0.16429333333333335,0.02,-0.4216080452360833,161.0,589.0,16,72,16.0,18.0,17.0,16.4,2.0
2026-02-27T22:58:03.292660+00:00,KXNBAGAME-26FEB28TORWAS-WAS,0.17,0.18,0.175,,0.01,0.13615957328592065,,,13,32,17.0,18.0,17.5,,1.0
2026-02-27T23:07:02.180756+00:00,KXNBAGAME-26FEB28TORWAS-WAS,0.17,0.18,0.175,,0.01,0.13615957328592065,,,13,32,17.0,18.0,17.5,,1.0
2026-02-27T23:07:46.706249+00:00,KXNBAGAME-26FEB28TORWAS-WAS,0.16,0.18,0.17,0.16429333333333335,0.02,-0.4216080452360833,161.0,589.0,16,72,16.0,18.0,17.0,16.4,2.0
2026-02-27T23:16:01.459335+00:00,KXNBAGAME-26FEB28TORWAS-WAS,0.17,0.18,0.175,,0.01,0.13615957328592065,,,13,32,17.0,18.0,17.5,,1.0
2026-02-27T23:23:02.995456+00:00,KXNBAGAME-26FEB28TORWAS-WAS,0.16,0.18,0.17,0.16429333333333335,0.02,-0.4216080452360833,161.0,589.0,16,72,16.0,18.0,17.0,16.4,2.0
2026-02-27T23:24:59.314244+00:00,KXNBAGAME-26FEB28TORWAS-WAS,0.17,0.18,0.175,,0.01,0.13615957328592065,,,13,32,17.0,18.0,17.5,,1.0
2026-02-27T23:33:58.317031+00:00,KXNBAGAME-26FEB28TORWAS-WAS,0.17,0.18,0.175,,0.01,0.13615957328592065,,,13,32,17.0,18.0,17.5,,1.0
2026-02-27T23:38:28.578017+00:00,KXNBAGAME-26FEB28TORWAS-WAS,0.16,0.18,0.17,0.16429333333333335,0.02,-0.4216080452360833,161.0,589.0,16,72,16.0,18.0,17.0,16.4,2.0
2026-02-27T23:42:57.547565+00:00,KXNBAGAME-26FEB28TORWAS-WAS,0.17,0.18,0.175,,0.01,0.13615957328592065,,,13,32,17.0,18.0,17.5,,1.0
2026-02-27T23:51:56.533927+00:00,KXNBAGAME-26FEB28TORWAS-WAS,0.17,0.18,0.175,,0.01,0.13615957328592065,,,13,32,17.0,18.0,17.5,,1.0
2026-02-27T23:53:53.880740+00:00,KXNBAGAME-26FEB28TORWAS-WAS,0.16,0.18,0.17,0.16429333333333335,0.02,-0.4216080452360833,161.0,589.0,16,72,16.0,18.0,17.0,16.4,2.0
2026-02-28T00:00:55.062329+00:00,KXNBAGAME-26FEB28TORWAS-WAS,0.17,0.18,0.175,,0.01,0.13615957328592065,,,13,32,17.0,18.0,17.5,,1.0
2026-02-28T00:09:27.612065+00:00,KXNBAGAME-26FEB28TORWAS-WAS,0.16,0.18,0.17,0.16429333333333335,0.02,-0.4216080452360833,161.0,589.0,16,72,16.0,18.0,17.0,16.4,2.0
2026-02-28T00:09:54.399522+00:00,KXNBAGAME-26FEB28TORWAS-WAS,0.17,0.18,0.175,,0.01,0.13615957328592065,,,13,32,17.0,18.0,17.5,,1.0
2026-02-28T00:18:53.674133+00:00,KXNBAGAME-26FEB28TORWAS-WAS,0.17,0.18,0.175,,0.01,0.13615957328592065,,,13,32,17.0,18.0,17.5,,1.0
2026-02-28T00:25:01.009756+00:00,KXNBAGAME-26FEB28TORWAS-WAS,0.16,0.18,0.17,0.16429333333333335,0.02,-0.4216080452360833,161.0,589.0,16,72,16.0,18.0,17.0,16.4,2.0
2026-02-28T00:27:51.980202+00:00,KXNBAGAME-26FEB28TORWAS-WAS,0.17,0.18,0.175,,0.01,0.13615957328592065,,,13,32,17.0,18.0,17.5,,1.0
2026-02-28T00:36:49.989452+00:00,KXNBAGAME-26FEB28TORWAS-WAS,0.17,0.18,0.175,,0.01,0.13615957328592065,,,13,32,17.0,18.0,17.5,,1.0
2026-02-28T00:40:36.503639+00:00,KXNBAGAME-26FEB28TORWAS-WAS,0.16,0.18,0.17,0.16429333333333335,0.02,-0.4216080452360833,161.0,589.0,16,72,16.0,18.0,17.0,16.4,2.0
2026-02-28T00:45:47.826349+00:00,KXNBAGAME-26FEB28TORWAS-WAS,0.17,0.18,0.175,,0.01,0.13615957328592065,,,13,32,17.0,18.0,17.5,,1.0
2026-02-28T00:54:47.604333+00:00,KXNBAGAME-26FEB28TORWAS-WAS,0.17,0.18,0.175,,0.01,0.13615957328592065,,,13,32,17.0,18.0,17.5,,1.0
2026-02-28T00:56:14.743612+00:00,KXNBAGAME-26FEB28TORWAS-WAS,0.16,0.18,0.17,0.16429333333333335,0.02,-0.4216080452360833,161.0,589.0,16,72,16.0,18.0,17.0,16.4,2.0
2026-02-28T01:03:47.551927+00:00,KXNBAGAME-26FEB28TORWAS-WAS,0.17,0.18,0.175,,0.01,0.13615957328592065,,,13,32,17.0,18.0,17.5,,1.0
2026-02-28T01:11:55.174090+00:00,KXNBAGAME-26FEB28TORWAS-WAS,0.16,0.18,0.17,0.16429333333333335,0.02,-0.4216080452360833,161.0,589.0,16,72,16.0,18.0,17.0,16.4,2.0
2026-02-28T01:12:47.805844+00:00,KXNBAGAME-26FEB28TORWAS-WAS,0.17,0.18,0.175,,0.01,0.13615957328592065,,,13,32,17.0,18.0,17.5,,1.0
2026-02-28T01:21:50.589129+00:00,KXNBAGAME-26FEB28TORWAS-WAS,0.17,0.18,0.175,,0.01,0.13615957328592065,,,13,32,17.0,18.0,17.5,,1.0
2026-02-28T01:27:42.768466+00:00,KXNBAGAME-26FEB28TORWAS-WAS,0.16,0.18,0.17,0.16429333333333335,0.02,-0.4216080452360833,161.0,589.0,16,72,16.0,18.0,17.0,16.4,2.0
2026-02-28T01:30:56.766431+00:00,KXNBAGAME-26FEB28TORWAS-WAS,0.17,0.18,0.175,,0.01,0.13615957328592065,,,13,32,17.0,18.0,17.5,,1.0
2026-02-28T01:40:00.167328+00:00,KXNBAGAME-26FEB28TORWAS-WAS,0.17,0.18,0.175,,0.01,0.13615957328592065,,,13,32,17.0,18.0,17.5,,1.0
2026-02-28T01:43:32.887100+00:00,KXNBAGAME-26FEB28TORWAS-WAS,0.16,0.18,0.17,0.16429333333333335,0.02,-0.4216080452360833,161.0,589.0,16,72,16.0,18.0,17.0,16.4,2.0
2026-02-28T01:49:04.371619+00:00,KXNBAGAME-26FEB28TORWAS-WAS,0.17,0.18,0.175,,0.01,0.13615957328592065,,,13,32,17.0,18.0,17.5,,1.0
2026-02-28T01:58:09.625755+00:00,KXNBAGAME-26FEB28TORWAS-WAS,0.17,0.18,0.175,,0.01,0.13615957328592065,,,13,32,17.0,18.0,17.5,,1.0
2026-02-28T01:59:21.607424+00:00,KXNBAGAME-26FEB28TORWAS-WAS,0.16,0.18,0.17,0.16429333333333335,0.02,-0.4216080452360833,161.0,589.0,16,72,16.0,18.0,17.0,16.4,2.0
2026-02-28T02:07:14.970530+00:00,KXNBAGAME-26FEB28TORWAS-WAS,0.17,0.18,0.175,,0.01,0.13615957328592065,,,13,32,17.0,18.0,17.5,,1.0
2026-02-28T02:15:08.645927+00:00,KXNBAGAME-26FEB28TORWAS-WAS,0.16,0.18,0.17,0.16429333333333335,0.02,-0.4216080452360833,161.0,589.0,16,72,16.0,18.0,17.0,16.4,2.0
2026-02-28T02:16:27.677237+00:00,KXNBAGAME-26FEB28TORWAS-WAS,0.17,0.18,0.175,,0.01,0.13615957328592065,,,13,32,17.0,18.0,17.5,,1.0
2026-02-28T02:25:34.918126+00:00,KXNBAGAME-26FEB28TORWAS-WAS,0.13,0.14,0.135,,0.01,-0.3887085828124829,,,13,82,13.0,14.0,13.5,,1.0
2026-02-28T02:31:05.472556+00:00,KXNBAGAME-26FEB28TORWAS-WAS,0.16,0.18,0.17,0.16429333333333335,0.02,-0.4216080452360833,161.0,589.0,16,72,16.0,18.0,17.0,16.4,2.0
2026-02-28T02:34:47.009945+00:00,KXNBAGAME-26FEB28TORWAS-WAS,0.13,0.14,0.135,,0.01,-0.4540004935188936,,,13,82,13.0,14.0,13.5,,1.0
2026-02-28T02:44:00.455570+00:00,KXNBAGAME-26FEB28TORWAS-WAS,0.13,0.14,0.135,,0.01,0.0636870090162471,,,13,82,13.0,14.0,13.5,,1.0
2026-02-28T02:47:05.418288+00:00,KXNBAGAME-26FEB28TORWAS-WAS,0.16,0.18,0.17,0.16429333333333335,0.02,-0.4216080452360833,161.0,589.0,16,72,16.0,18.0,17.0,16.4,2.0
2026-02-28T02:53:14.239867+00:00,KXNBAGAME-26FEB28TORWAS-WAS,0.13,0.14,0.135,,0.01,-0.4974838654854613,,,13,82,13.0,14.0,13.5,,1.0
2026-02-28T03:02:25.052021+00:00,KXNBAGAME-26FEB28TORWAS-WAS,0.13,0.14,0.135,,0.01,-0.4973562714585725,,,13,82,13.0,14.0,13.5,,1.0
2026-02-28T03:03:10.135553+00:00,KXNBAGAME-26FEB28TORWAS-WAS,0.16,0.18,0.17,0.16429333333333335,0.02,-0.4216080452360833,161.0,589.0,16,72,16.0,18.0,17.0,16.4,2.0
2026-02-28T03:11:30.714163+00:00,KXNBAGAME-26FEB28TORWAS-WAS,0.13,0.14,0.135,,0.01,-0.4925088530757371,,,13,82,13.0,14.0,13.5,,1.0
2026-02-28T03:19:22.137184+00:00,KXNBAGAME-26FEB28TORWAS-WAS,0.16,0.18,0.17,0.16429333333333335,0.02,-0.4216080452360833,161.0,589.0,16,72,16.0,18.0,17.0,16.4,2.0
2026-02-28T03:20:37.902897+00:00,KXNBAGAME-26FEB28TORWAS-WAS,0.13,0.14,0.135,,0.01,-0.49075157899651783,,,13,82,13.0,14.0,13.5,,1.0
2026-02-28T03:29:43.776521+00:00,KXNBAGAME-26FEB28TORWAS-WAS,0.13,0.14,0.135,,0.01,-0.4898585656137198,,,13,82,13.0,14.0,13.5,,1.0
2026-02-28T03:35:44.176379+00:00,KXNBAGAME-26FEB28TORWAS-WAS,0.16,0.18,0.17,0.16429333333333335,0.02,-0.4216080452360833,161.0,589.0,16,72,16.0,18.0,17.0,16.4,2.0
2026-02-28T03:38:49.372098+00:00,KXNBAGAME-26FEB28TORWAS-WAS,0.13,0.14,0.135,,0.01,-0.4496655126767342,,,13,82,13.0,14.0,13.5,,1.0
2026-02-28T03:47:54.596245+00:00,KXNBAGAME-26FEB28TORWAS-WAS,0.13,0.14,0.135,,0.01,-0.4964843385175072,,,13,82,13.0,14.0,13.5,,1.0
2026-02-28T03:52:08.308799+00:00,KXNBAGAME-26FEB28TORWAS-WAS,0.16,0.18,0.17,0.16429333333333335,0.02,-0.4216080452360833,161.0,589.0,16,72,16.0,18.0,17.0,16.4,2.0
2026-02-28T03:56:59.600730+00:00,KXNBAGAME-26FEB28TORWAS-WAS,0.13,0.14,0.135,,0.01,-0.47420226115988046,,,13,82,13.0,14.0,13.5,,1.0
2026-02-28T04:06:06.074365+00:00,KXNBAGAME-26FEB28TORWAS-WAS,0.13,0.14,0.135,,0.01,-0.49634324285189185,,,13,82,13.0,14.0,13.5,,1.0
2026-02-28T04:08:37.048126+00:00,KXNBAGAME-26FEB28TORWAS-WAS,0.16,0.18,0.17,0.16429333333333335,0.02,-0.4216080452360833,161.0,589.0,16,72,16.0,18.0,17.0,16.4,2.0
2026-02-28T04:15:11.901344+00:00,KXNBAGAME-26FEB28TORWAS-WAS,0.13,0.14,0.135,,0.01,-0.5746305634317976,,,13,82,13.0,14.0,13.5,,1.0
2026-02-28T04:24:17.947828+00:00,KXNBAGAME-26FEB28TORWAS-WAS,0.13,0.14,0.135,,0.01,-0.4957008672532524,,,13,82,13.0,14.0,13.5,,1.0
2026-02-28T04:25:03.311257+00:00,KXNBAGAME-26FEB28TORWAS-WAS,0.16,0.18,0.17,0.16429333333333335,0.02,-0.4216080452360833,161.0,589.0,16,72,16.0,18.0,17.0,16.4,2.0
2026-02-28T04:33:23.450304+00:00,KXNBAGAME-26FEB28TORWAS-WAS,0.13,0.14,0.135,,0.01,-0.49552878783604615,,,13,82,13.0,14.0,13.5,,1.0
2026-02-28T04:41:42.064123+00:00,KXNBAGAME-26FEB28TORWAS-WAS,0.16,0.18,0.17,0.16429333333333335,0.02,-0.4216080452360833,161.0,589.0,16,72,16.0,18.0,17.0,16.4,2.0
2026-02-28T04:42:28.311479+00:00,KXNBAGAME-26FEB28TORWAS-WAS,0.13,0.14,0.135,,0.01,-0.4886514212952989,,,13,83,13.0,14.0,13.5,,1.0
2026-02-28T04:51:37.112920+00:00,KXNBAGAME-26FEB28TORWAS-WAS,0.13,0.14,0.135,,0.01,-0.48866902116966704,,,13,83,13.0,14.0,13.5,,1.0
2026-02-28T04:58:18.733051+00:00,KXNBAGAME-26FEB28TORWAS-WAS,0.16,0.18,0.17,0.16429333333333335,0.02,-0.4216080452360833,161.0,589.0,16,72,16.0,18.0,17.0,16.4,2.0
2026-02-28T05:00:43.551700+00:00,KXNBAGAME-26FEB28TORWAS-WAS,0.13,0.14,0.135,,0.01,-0.4884546213822989,,,13,83,13.0,14.0,13.5,,1.0
2026-02-28T05:09:50.994111+00:00,KXNBAGAME-26FEB28TORWAS-WAS,0.13,0.14,0.135,,0.01,-0.967262157525521,,,13,83,13.0,14.0,13.5,,1.0
2026-02-28T05:14:53.662507+00:00,KXNBAGAME-26FEB28TORWAS-WAS,0.16,0.18,0.17,0.16429333333333335,0.02,-0.4216080452360833,161.0,589.0,16,72,16.0,18.0,17.0,16.4,2.0
2026-02-28T05:18:56.759300+00:00,KXNBAGAME-26FEB28TORWAS-WAS,0.13,0.14,0.135,,0.01,-0.9680977275712597,,,13,83,13.0,14.0,13.5,,1.0
2026-02-28T05:27:59.146981+00:00,KXNBAGAME-26FEB28TORWAS-WAS,0.13,0.14,0.135,,0.01,-0.9766479964622654,,,13,83,13.0,14.0,13.5,,1.0
2026-02-28T05:31:36.131938+00:00,KXNBAGAME-26FEB28TORWAS-WAS,0.16,0.18,0.17,0.16429333333333335,0.02,-0.4216080452360833,161.0,589.0,16,72,16.0,18.0,17.0,16.4,2.0
2026-02-28T05:37:03.896010+00:00,KXNBAGAME-26FEB28TORWAS-WAS,0.13,0.14,0.135,,0.01,-0.9602745760223185,,,13,83,13.0,14.0,13.5,,1.0
2026-02-28T05:46:09.863396+00:00,KXNBAGAME-26FEB28TORWAS-WAS,0.14,0.14,0.14,,0.0,-0.9660945420264645,,,14,83,14.0,14.0,14.0,,0.0
2026-02-28T05:48:25.980552+00:00,KXNBAGAME-26FEB28TORWAS-WAS,0.16,0.18,0.17,0.16429333333333335,0.02,-0.4216080452360833,161.0,589.0,16,72,16.0,18.0,17.0,16.4,2.0
2026-02-28T05:55:20.702581+00:00,KXNBAGAME-26FEB28TORWAS-WAS,0.14,0.14,0.14,,0.0,-0.9676098976180966,,,14,83,14.0,14.0,14.0,,0.0
2026-02-28T06:04:32.092311+00:00,KXNBAGAME-26FEB28TORWAS-WAS,0.14,0.14,0.14,,0.0,-0.9006401136674457,,,14,83,14.0,14.0,14.0,,0.0
2026-02-28T06:05:16.839799+00:00,KXNBAGAME-26FEB28TORWAS-WAS,0.16,0.18,0.17,0.16429333333333335,0.02,-0.4216080452360833,161.0,589.0,16,72,16.0,18.0,17.0,16.4,2.0
2026-02-28T06:13:45.242518+00:00,KXNBAGAME-26FEB28TORWAS-WAS,0.14,0.14,0.14,,0.0,-0.9055604427153305,,,14,83,14.0,14.0,14.0,,0.0
2026-02-28T06:22:12.708192+00:00,KXNBAGAME-26FEB28TORWAS-WAS,0.16,0.18,0.17,0.16429333333333335,0.02,-0.4216080452360833,161.0,589.0,16,72,16.0,18.0,17.0,16.4,2.0
2026-02-28T06:22:56.647606+00:00,KXNBAGAME-26FEB28TORWAS-WAS,0.14,0.14,0.14,,0.0,-0.9053740423199855,,,14,83,14.0,14.0,14.0,,0.0
2026-02-28T06:32:08.840630+00:00,KXNBAGAME-26FEB28TORWAS-WAS,0.14,0.14,0.14,,0.0,-0.9038380398978496,,,14,83,14.0,14.0,14.0,,0.0
2026-02-28T06:39:19.055365+00:00,KXNBAGAME-26FEB28TORWAS-WAS,0.16,0.18,0.17,0.16429333333333335,0.02,-0.4216080452360833,161.0,589.0,16,72,16.0,18.0,17.0,16.4,2.0
2026-02-28T06:41:20.261129+00:00,KXNBAGAME-26FEB28TORWAS-WAS,0.14,0.14,0.14,,0.0,-0.9051887586453106,,,14,83,14.0,14.0,14.0,,0.0
2026-02-28T06:50:31.162995+00:00,KXNBAGAME-26FEB28TORWAS-WAS,0.14,0.14,0.14,,0.0,-0.9054347324190792,,,14,83,14.0,14.0,14.0,,0.0
2026-02-28T06:56:29.427505+00:00,KXNBAGAME-26FEB28TORWAS-WAS,0.16,0.18,0.17,0.16429333333333335,0.02,-0.4216080452360833,161.0,589.0,16,72,16.0,18.0,17.0,16.4,2.0
2026-02-28T06:59:41.990201+00:00,KXNBAGAME-26FEB28TORWAS-WAS,0.14,0.14,0.14,,0.0,-0.9074805907204105,,,14,83,14.0,14.0,14.0,,0.0
2026-02-28T07:08:52.396160+00:00,KXNBAGAME-26FEB28TORWAS-WAS,0.14,0.14,0.14,,0.0,-0.7537884348191213,,,14,83,14.0,14.0,14.0,,0.0
2026-02-28T07:13:32.598551+00:00,KXNBAGAME-26FEB28TORWAS-WAS,0.16,0.18,0.17,0.16429333333333335,0.02,-0.4216080452360833,161.0,589.0,16,72,16.0,18.0,17.0,16.4,2.0
2026-02-28T07:18:03.759951+00:00,KXNBAGAME-26FEB28TORWAS-WAS,0.14,0.14,0.14,,0.0,-0.7548203084316681,,,14,83,14.0,14.0,14.0,,0.0
2026-02-28T07:27:16.478070+00:00,KXNBAGAME-26FEB28TORWAS-WAS,0.14,0.14,0.14,,0.0,-0.8919612971667916,,,14,83,14.0,14.0,14.0,,0.0
2026-02-28T07:30:42.015131+00:00,KXNBAGAME-26FEB28TORWAS-WAS,0.16,0.18,0.17,0.16429333333333335,0.02,-0.4216080452360833,161.0,589.0,16,72,16.0,18.0,17.0,16.4,2.0
2026-02-28T07:36:26.917289+00:00,KXNBAGAME-26FEB28TORWAS-WAS,0.14,0.14,0.14,,0.0,-0.8919342208300705,,,14,83,14.0,14.0,14.0,,0.0
2026-02-28T07:45:38.548058+00:00,KXNBAGAME-26FEB28TORWAS-WAS,0.14,0.14,0.14,,0.0,-0.890378797313037,,,14,83,14.0,14.0,14.0,,0.0
2026-02-28T07:47:58.003938+00:00,KXNBAGAME-26FEB28TORWAS-WAS,0.16,0.18,0.17,0.16429333333333335,0.02,-0.4216080452360833,161.0,589.0,16,72,16.0,18.0,17.0,16.4,2.0
2026-02-28T07:54:50.645631+00:00,KXNBAGAME-26FEB28TORWAS-WAS,0.14,0.14,0.14,,0.0,-0.8918802209206964,,,14,83,14.0,14.0,14.0,,0.0
2026-02-28T08:04:01.761156+00:00,KXNBAGAME-26FEB28TORWAS-WAS,0.14,0.14,0.14,,0.0,-0.912432183983519,,,14,83,14.0,14.0,14.0,,0.0
2026-02-28T08:05:16.918568+00:00,KXNBAGAME-26FEB28TORWAS-WAS,0.16,0.18,0.17,0.16429333333333335,0.02,-0.4216080452360833,161.0,589.0,16,72,16.0,18.0,17.0,16.4,2.0
2026-02-28T08:13:13.710531+00:00,KXNBAGAME-26FEB28TORWAS-WAS,0.14,0.14,0.14,,0.0,-0.8001628690614715,,,14,83,14.0,14.0,14.0,,0.0
2026-02-28T08:22:24.744703+00:00,KXNBAGAME-26FEB28TORWAS-WAS,0.14,0.14,0.14,,0.0,-0.7993149304855934,,,14,83,14.0,14.0,14.0,,0.0
2026-02-28T08:22:32.173011+00:00,KXNBAGAME-26FEB28TORWAS-WAS,0.16,0.18,0.17,0.16429333333333335,0.02,-0.4216080452360833,161.0,589.0,16,72,16.0,18.0,17.0,16.4,2.0
2026-02-28T08:31:34.858715+00:00,KXNBAGAME-26FEB28TORWAS-WAS,0.14,0.14,0.14,,0.0,-0.8028506433496837,,,14,83,14.0,14.0,14.0,,0.0
2026-02-28T08:40:03.584526+00:00,KXNBAGAME-26FEB28TORWAS-WAS,0.16,0.18,0.17,0.16429333333333335,0.02,-0.4216080452360833,161.0,589.0,16,72,16.0,18.0,17.0,16.4,2.0
2026-02-28T08:40:45.034611+00:00,KXNBAGAME-26FEB28TORWAS-WAS,0.14,0.14,0.14,,0.0,-0.7514428177619671,,,14,83,14.0,14.0,14.0,,0.0
2026-02-28T08:49:53.978823+00:00,KXNBAGAME-26FEB28TORWAS-WAS,0.14,0.14,0.14,,0.0,-0.749055671187655,,,14,83,14.0,14.0,14.0,,0.0
2026-02-28T08:57:34.192668+00:00,KXNBAGAME-26FEB28TORWAS-WAS,0.16,0.18,0.17,0.16429333333333335,0.02,-0.4216080452360833,161.0,589.0,16,72,16.0,18.0,17.0,16.4,2.0
2026-02-28T08:59:01.977852+00:00,KXNBAGAME-26FEB28TORWAS-WAS,0.14,0.14,0.14,,0.0,-0.6951327231965554,,,14,83,14.0,14.0,14.0,,0.0
2026-02-28T09:08:11.718870+00:00,KXNBAGAME-26FEB28TORWAS-WAS,0.14,0.14,0.14,,0.0,-0.7525124994844392,,,14,83,14.0,14.0,14.0,,0.0
2026-02-28T09:15:01.654847+00:00,KXNBAGAME-26FEB28TORWAS-WAS,0.16,0.18,0.17,0.16429333333333335,0.02,-0.4216080452360833,161.0,589.0,16,72,16.0,18.0,17.0,16.4,2.0
2026-02-28T09:17:19.581292+00:00,KXNBAGAME-26FEB28TORWAS-WAS,0.14,0.14,0.14,,0.0,-0.7608087310950923,,,14,83,14.0,14.0,14.0,,0.0
2026-02-28T09:26:29.217713+00:00,KXNBAGAME-26FEB28TORWAS-WAS,0.14,0.14,0.14,,0.0,-0.740751406516685,,,14,83,14.0,14.0,14.0,,0.0
2026-02-28T09:32:33.421726+00:00,KXNBAGAME-26FEB28TORWAS-WAS,0.16,0.18,0.17,0.16429333333333335,0.02,-0.4216080452360833,161.0,589.0,16,72,16.0,18.0,17.0,16.4,2.0
2026-02-28T09:35:39.238741+00:00,KXNBAGAME-26FEB28TORWAS-WAS,0.14,0.14,0.14,,0.0,-0.7328966012845148,,,14,83,14.0,14.0,14.0,,0.0
2026-02-28T09:44:46.952533+00:00,KXNBAGAME-26FEB28TORWAS-WAS,0.14,0.14,0.14,,0.0,-0.760645816868014,,,14,83,14.0,14.0,14.0,,0.0
2026-02-28T09:50:06.334118+00:00,KXNBAGAME-26FEB28TORWAS-WAS,0.16,0.18,0.17,0.16429333333333335,0.02,-0.4216080452360833,161.0,589.0,16,72,16.0,18.0,17.0,16.4,2.0
2026-02-28T09:53:56.259666+00:00,KXNBAGAME-26FEB28TORWAS-WAS,0.14,0.14,0.14,,0.0,-0.7692551323025539,,,14,83,14.0,14.0,14.0,,0.0
2026-02-28T10:03:07.117333+00:00,KXNBAGAME-26FEB28TORWAS-WAS,0.14,0.14,0.14,,0.0,-0.7468770869843888,,,14,83,14.0,14.0,14.0,,0.0
2026-02-28T10:07:40.837814+00:00,KXNBAGAME-26FEB28TORWAS-WAS,0.16,0.18,0.17,0.16429333333333335,0.02,-0.4216080452360833,161.0,589.0,16,72,16.0,18.0,17.0,16.4,2.0
2026-02-28T10:12:17.812470+00:00,KXNBAGAME-26FEB28TORWAS-WAS,0.14,0.14,0.14,,0.0,-0.7543582417279538,,,14,83,14.0,14.0,14.0,,0.0
2026-02-28T10:21:26.888942+00:00,KXNBAGAME-26FEB28TORWAS-WAS,0.14,0.14,0.14,,0.0,-0.7993999262739901,,,14,83,14.0,14.0,14.0,,0.0
2026-02-28T10:25:16.563362+00:00,KXNBAGAME-26FEB28TORWAS-WAS,0.16,0.18,0.17,0.16429333333333335,0.02,-0.4216080452360833,161.0,589.0,16,72,16.0,18.0,17.0,16.4,2.0
2026-02-28T10:30:37.889565+00:00,KXNBAGAME-26FEB28TORWAS-WAS,0.14,0.14,0.14,,0.0,-0.7603084800116614,,,14,83,14.0,14.0,14.0,,0.0
2026-02-28T10:39:48.190322+00:00,KXNBAGAME-26FEB28TORWAS-WAS,0.14,0.14,0.14,,0.0,-0.7904683097533521,,,14,83,14.0,14.0,14.0,,0.0
2026-02-28T10:42:58.029314+00:00,KXNBAGAME-26FEB28TORWAS-WAS,0.16,0.18,0.17,0.16429333333333335,0.02,-0.4216080452360833,161.0,589.0,16,72,16.0,18.0,17.0,16.4,2.0
2026-02-28T10:48:58.892406+00:00,KXNBAGAME-26FEB28TORWAS-WAS,0.14,0.14,0.14,,0.0,-0.7375940035900982,,,14,83,14.0,14.0,14.0,,0.0
2026-02-28T10:58:05.954032+00:00,KXNBAGAME-26FEB28TORWAS-WAS,0.14,0.14,0.14,,0.0,-0.7367809203678588,,,14,83,14.0,14.0,14.0,,0.0
2026-02-28T11:00:45.445279+00:00,KXNBAGAME-26FEB28TORWAS-WAS,0.16,0.18,0.17,0.16429333333333335,0.02,-0.4216080452360833,161.0,589.0,16,72,16.0,18.0,17.0,16.4,2.0
2026-02-28T11:07:16.673552+00:00,KXNBAGAME-26FEB28TORWAS-WAS,0.14,0.14,0.14,,0.0,-0.700804884818207,,,14,83,14.0,14.0,14.0,,0.0
2026-02-28T11:16:27.103707+00:00,KXNBAGAME-26FEB28TORWAS-WAS,0.14,0.14,0.14,,0.0,-0.7007685182536836,,,14,83,14.0,14.0,14.0,,0.0
2026-02-28T11:18:37.250096+00:00,KXNBAGAME-26FEB28TORWAS-WAS,0.16,0.18,0.17,0.16429333333333335,0.02,-0.4216080452360833,161.0,589.0,16,72,16.0,18.0,17.0,16.4,2.0
2026-02-28T11:25:35.961345+00:00,KXNBAGAME-26FEB28TORWAS-WAS,0.14,0.14,0.14,,0.0,-0.7001748193937096,,,14,83,14.0,14.0,14.0,,0.0
2026-02-28T11:34:46.910054+00:00,KXNBAGAME-26FEB28TORWAS-WAS,0.14,0.14,0.14,,0.0,-0.7010690572218602,,,14,83,14.0,14.0,14.0,,0.0
2026-02-28T11:36:33.691132+00:00,KXNBAGAME-26FEB28TORWAS-WAS,0.16,0.18,0.17,0.16429333333333335,0.02,-0.4216080452360833,161.0,589.0,16,72,16.0,18.0,17.0,16.4,2.0
2026-02-28T11:43:57.038885+00:00,KXNBAGAME-26FEB28TORWAS-WAS,0.14,0.14,0.14,,0.0,-0.7239189106029837,,,14,83,14.0,14.0,14.0,,0.0
2026-02-28T11:54:25.752542+00:00,KXNBAGAME-26FEB28TORWAS-WAS,0.16,0.18,0.17,0.16429333333333335,0.02,-0.4216080452360833,161.0,589.0,16,72,16.0,18.0,17.0,16.4,2.0
2026-02-28T12:12:27.043525+00:00,KXNBAGAME-26FEB28TORWAS-WAS,0.16,0.18,0.17,0.16429333333333335,0.02,-0.4216080452360833,161.0,589.0,16,72,16.0,18.0,17.0,16.4,2.0
2026-02-28T12:30:31.271467+00:00,KXNBAGAME-26FEB28TORWAS-WAS,0.16,0.18,0.17,0.16429333333333335,0.02,-0.4216080452360833,161.0,589.0,16,72,16.0,18.0,17.0,16.4,2.0
2026-02-28T12:48:33.211560+00:00,KXNBAGAME-26FEB28TORWAS-WAS,0.16,0.18,0.17,0.16429333333333335,0.02,-0.4216080452360833,161.0,589.0,16,72,16.0,18.0,17.0,16.4,2.0
2026-02-28T13:06:42.473226+00:00,KXNBAGAME-26FEB28TORWAS-WAS,0.16,0.18,0.17,0.16429333333333335,0.02,-0.4216080452360833,161.0,589.0,16,72,16.0,18.0,17.0,16.4,2.0
2026-02-28T13:24:43.674115+00:00,KXNBAGAME-26FEB28TORWAS-WAS,0.16,0.18,0.17,0.16429333333333335,0.02,-0.4216080452360833,161.0,589.0,16,72,16.0,18.0,17.0,16.4,2.0
2026-02-28T13:42:44.073481+00:00,KXNBAGAME-26FEB28TORWAS-WAS,0.16,0.18,0.17,0.16429333333333335,0.02,-0.4216080452360833,161.0,589.0,16,72,16.0,18.0,17.0,16.4,2.0
2026-02-28T14:00:45.794068+00:00,KXNBAGAME-26FEB28TORWAS-WAS,0.16,0.18,0.17,0.16429333333333335,0.02,-0.4216080452360833,161.0,589.0,16,72,16.0,18.0,17.0,16.4,2.0
2026-02-28T14:18:54.042055+00:00,KXNBAGAME-26FEB28TORWAS-WAS,0.16,0.18,0.17,0.16429333333333335,0.02,-0.4216080452360833,161.0,589.0,16,72,16.0,18.0,17.0,16.4,2.0
2026-02-28T14:37:19.448873+00:00,KXNBAGAME-26FEB28TORWAS-WAS,0.16,0.18,0.17,0.16429333333333335,0.02,-0.4216080452360833,161.0,589.0,16,72,16.0,18.0,17.0,16.4,2.0
2026-02-28T14:55:46.075992+00:00,KXNBAGAME-26FEB28TORWAS-WAS,0.16,0.18,0.17,0.16429333333333335,0.02,-0.4216080452360833,161.0,589.0,16,72,16.0,18.0,17.0,16.4,2.0
2026-02-28T15:14:10.434806+00:00,KXNBAGAME-26FEB28TORWAS-WAS,0.16,0.18,0.17,0.16429333333333335,0.02,-0.4216080452360833,161.0,589.0,16,72,16.0,18.0,17.0,16.4,2.0
2026-02-28T15:32:34.801587+00:00,KXNBAGAME-26FEB28TORWAS-WAS,0.16,0.18,0.17,0.16429333333333335,0.02,-0.4216080452360833,161.0,589.0,16,72,16.0,18.0,17.0,16.4,2.0
2026-02-28T15:51:09.508624+00:00,KXNBAGAME-26FEB28TORWAS-WAS,0.16,0.18,0.17,0.16429333333333335,0.02,-0.4216080452360833,161.0,589.0,16,72,16.0,18.0,17.0,16.4,2.0
2026-02-28T16:09:44.135220+00:00,KXNBAGAME-26FEB28TORWAS-WAS,0.16,0.18,0.17,0.16429333333333335,0.02,-0.4216080452360833,161.0,589.0,16,72,16.0,18.0,17.0,16.4,2.0
2026-02-28T16:28:20.479104+00:00,KXNBAGAME-26FEB28TORWAS-WAS,0.16,0.18,0.17,0.16429333333333335,0.02,-0.4216080452360833,161.0,589.0,16,72,16.0,18.0,17.0,16.4,2.0
2026-02-28T16:46:56.790264+00:00,KXNBAGAME-26FEB28TORWAS-WAS,0.16,0.18,0.17,0.16429333333333335,0.02,-0.4216080452360833,161.0,589.0,16,72,16.0,18.0,17.0,16.4,2.0
2026-02-28T17:05:30.307279+00:00,KXNBAGAME-26FEB28TORWAS-WAS,0.16,0.18,0.17,0.16429333333333335,0.02,-0.4216080452360833,161.0,589.0,16,72,16.0,18.0,17.0,16.4,2.0
2026-02-28T17:24:05.418558+00:00,KXNBAGAME-26FEB28TORWAS-WAS,0.16,0.18,0.17,0.16429333333333335,0.02,-0.4216080452360833,161.0,589.0,16,72,16.0,18.0,17.0,16.4,2.0
2026-02-28T17:42:43.161151+00:00,KXNBAGAME-26FEB28TORWAS-WAS,0.16,0.18,0.17,0.16429333333333335,0.02,-0.4216080452360833,161.0,589.0,16,72,16.0,18.0,17.0,16.4,2.0
2026-02-28T18:01:32.203273+00:00,KXNBAGAME-26FEB28TORWAS-WAS,0.16,0.18,0.17,0.16429333333333335,0.02,-0.4216080452360833,161.0,589.0,16,72,16.0,18.0,17.0,16.4,2.0
2026-02-28T18:20:22.383840+00:00,KXNBAGAME-26FEB28TORWAS-WAS,0.16,0.18,0.17,0.16429333333333335,0.02,-0.4216080452360833,161.0,589.0,16,72,16.0,18.0,17.0,16.4,2.0
2026-02-28T18:39:21.335232+00:00,KXNBAGAME-26FEB28TORWAS-WAS,0.16,0.18,0.17,0.16429333333333335,0.02,-0.4216080452360833,161.0,589.0,16,72,16.0,18.0,17.0,16.4,2.0
2026-02-28T18:58:19.783440+00:00,KXNBAGAME-26FEB28TORWAS-WAS,0.16,0.18,0.17,0.16429333333333335,0.02,-0.4216080452360833,161.0,589.0,16,72,16.0,18.0,17.0,16.4,2.0
2026-02-28T19:13:06.278622+00:00,KXNBAGAME-26FEB28TORWAS-WAS,0.12,0.13,0.125,,0.01,-0.3516717483028674,,,12,86,12.0,13.0,12.5,,1.0
2026-02-28T19:17:23.621038+00:00,KXNBAGAME-26FEB28TORWAS-WAS,0.16,0.18,0.17,0.16429333333333335,0.02,-0.4216080452360833,161.0,589.0,16,72,16.0,18.0,17.0,16.4,2.0
2026-02-28T19:22:14.215961+00:00,KXNBAGAME-26FEB28TORWAS-WAS,0.12,0.13,0.125,,0.01,-0.3387436719065925,,,12,87,12.0,13.0,12.5,,1.0
2026-02-28T19:31:23.391251+00:00,KXNBAGAME-26FEB28TORWAS-WAS,0.12,0.13,0.125,,0.01,-0.48392854671507435,,,12,87,12.0,13.0,12.5,,1.0
2026-02-28T19:36:28.774920+00:00,KXNBAGAME-26FEB28TORWAS-WAS,0.16,0.18,0.17,0.16429333333333335,0.02,-0.4216080452360833,161.0,589.0,16,72,16.0,18.0,17.0,16.4,2.0
2026-02-28T19:40:36.264385+00:00,KXNBAGAME-26FEB28TORWAS-WAS,0.12,0.13,0.125,,0.01,-0.49371731762167215,,,12,87,12.0,13.0,12.5,,1.0
2026-02-28T19:49:45.554399+00:00,KXNBAGAME-26FEB28TORWAS-WAS,0.12,0.13,0.125,,0.01,-0.42501319557051936,,,12,87,12.0,13.0,12.5,,1.0
2026-02-28T19:55:42.908597+00:00,KXNBAGAME-26FEB28TORWAS-WAS,0.16,0.18,0.17,0.16429333333333335,0.02,-0.4216080452360833,161.0,589.0,16,72,16.0,18.0,17.0,16.4,2.0
2026-02-28T19:58:52.723812+00:00,KXNBAGAME-26FEB28TORWAS-WAS,0.12,0.13,0.125,,0.01,-0.4636457296341275,,,12,87,12.0,13.0,12.5,,1.0
2026-02-28T20:08:03.841540+00:00,KXNBAGAME-26FEB28TORWAS-WAS,0.12,0.13,0.125,,0.01,-0.8589922473046749,,,12,87,12.0,13.0,12.5,,1.0
2026-02-28T20:14:58.211786+00:00,KXNBAGAME-26FEB28TORWAS-WAS,0.16,0.18,0.17,0.16429333333333335,0.02,-0.4216080452360833,161.0,589.0,16,72,16.0,18.0,17.0,16.4,2.0
2026-02-28T20:17:13.289206+00:00,KXNBAGAME-26FEB28TORWAS-WAS,0.12,0.13,0.125,,0.01,-0.460970692404315,,,12,86,12.0,13.0,12.5,,1.0
2026-02-28T20:26:20.740124+00:00,KXNBAGAME-26FEB28TORWAS-WAS,0.12,0.13,0.125,,0.01,-0.9305683602940202,,,12,86,12.0,13.0,12.5,,1.0
2026-02-28T20:34:20.905732+00:00,KXNBAGAME-26FEB28TORWAS-WAS,0.16,0.18,0.17,0.16429333333333335,0.02,-0.4216080452360833,161.0,589.0,16,72,16.0,18.0,17.0,16.4,2.0
2026-02-28T20:35:25.045642+00:00,KXNBAGAME-26FEB28TORWAS-WAS,0.12,0.13,0.125,,0.01,-0.9316189311310559,,,12,86,12.0,13.0,12.5,,1.0
2026-02-28T20:44:30.448957+00:00,KXNBAGAME-26FEB28TORWAS-WAS,0.12,0.13,0.125,,0.01,-0.8084110837784131,,,12,86,12.0,13.0,12.5,,1.0
2026-02-28T20:53:41.271660+00:00,KXNBAGAME-26FEB28TORWAS-WAS,0.12,0.13,0.125,,0.01,-0.31969702783660175,,,12,86,12.0,13.0,12.5,,1.0
2026-02-28T20:53:50.667364+00:00,KXNBAGAME-26FEB28TORWAS-WAS,0.16,0.18,0.17,0.16429333333333335,0.02,-0.4216080452360833,161.0,589.0,16,72,16.0,18.0,17.0,16.4,2.0
2026-02-28T21:02:50.402266+00:00,KXNBAGAME-26FEB28TORWAS-WAS,0.12,0.13,0.125,,0.01,-0.25441257916154975,,,12,86,12.0,13.0,12.5,,1.0
2026-02-28T21:12:02.387488+00:00,KXNBAGAME-26FEB28TORWAS-WAS,0.12,0.13,0.125,,0.01,-1.0076043889058215,,,12,87,12.0,13.0,12.5,,1.0
2026-02-28T21:13:17.885141+00:00,KXNBAGAME-26FEB28TORWAS-WAS,0.16,0.18,0.17,0.16429333333333335,0.02,-0.4216080452360833,161.0,589.0,16,72,16.0,18.0,17.0,16.4,2.0
2026-02-28T21:21:11.453391+00:00,KXNBAGAME-26FEB28TORWAS-WAS,0.12,0.13,0.125,,0.01,-0.9527086375711984,,,12,87,12.0,13.0,12.5,,1.0
2026-02-28T21:30:23.110015+00:00,KXNBAGAME-26FEB28TORWAS-WAS,0.12,0.13,0.125,,0.01,-0.34111707847194617,,,12,87,12.0,13.0,12.5,,1.0
2026-02-28T21:32:47.044566+00:00,KXNBAGAME-26FEB28TORWAS-WAS,0.16,0.18,0.17,0.16429333333333335,0.02,-0.4216080452360833,161.0,589.0,16,72,16.0,18.0,17.0,16.4,2.0
2026-02-28T21:39:35.743335+00:00,KXNBAGAME-26FEB28TORWAS-WAS,0.12,0.13,0.125,,0.01,-0.4482410846870882,,,12,87,12.0,13.0,12.5,,1.0
2026-02-28T21:48:48.725635+00:00,KXNBAGAME-26FEB28TORWAS-WAS,0.12,0.13,0.125,,0.01,-0.39045344975526786,,,12,87,12.0,13.0,12.5,,1.0
2026-02-28T21:52:31.424860+00:00,KXNBAGAME-26FEB28TORWAS-WAS,0.16,0.18,0.17,0.16429333333333335,0.02,-0.4216080452360833,161.0,589.0,16,72,16.0,18.0,17.0,16.4,2.0
2026-02-28T21:57:54.999166+00:00,KXNBAGAME-26FEB28TORWAS-WAS,0.12,0.13,0.125,,0.01,-0.3993781065624812,,,12,87,12.0,13.0,12.5,,1.0
2026-02-28T22:07:02.018745+00:00,KXNBAGAME-26FEB28TORWAS-WAS,0.12,0.13,0.125,,0.01,-0.3989593883922662,,,12,87,12.0,13.0,12.5,,1.0
2026-02-28T22:12:16.355838+00:00,KXNBAGAME-26FEB28TORWAS-WAS,0.16,0.18,0.17,0.16429333333333335,0.02,-0.4216080452360833,161.0,589.0,16,72,16.0,18.0,17.0,16.4,2.0
2026-02-28T22:16:13.697239+00:00,KXNBAGAME-26FEB28TORWAS-WAS,0.12,0.13,0.125,,0.01,-0.5063823415041796,,,12,87,12.0,13.0,12.5,,1.0
2026-02-28T22:25:25.592792+00:00,KXNBAGAME-26FEB28TORWAS-WAS,0.12,0.13,0.125,,0.01,-0.40608982751720835,,,12,87,12.0,13.0,12.5,,1.0
2026-02-28T22:32:01.551019+00:00,KXNBAGAME-26FEB28TORWAS-WAS,0.16,0.18,0.17,0.16429333333333335,0.02,-0.4216080452360833,161.0,589.0,16,72,16.0,18.0,17.0,16.4,2.0
2026-02-28T22:34:38.197740+00:00,KXNBAGAME-26FEB28TORWAS-WAS,0.12,0.13,0.125,,0.01,-0.4401759582905581,,,12,87,12.0,13.0,12.5,,1.0
2026-02-28T22:43:46.794756+00:00,KXNBAGAME-26FEB28TORWAS-WAS,0.12,0.13,0.125,,0.01,-0.44107816111801273,,,12,87,12.0,13.0,12.5,,1.0
2026-02-28T22:51:57.058286+00:00,KXNBAGAME-26FEB28TORWAS-WAS,0.16,0.18,0.17,0.16429333333333335,0.02,-0.4216080452360833,161.0,589.0,16,72,16.0,18.0,17.0,16.4,2.0
2026-02-28T22:53:01.443230+00:00,KXNBAGAME-26FEB28TORWAS-WAS,0.12,0.13,0.125,,0.01,-0.4643292595985246,,,12,87,12.0,13.0,12.5,,1.0
2026-02-28T23:02:15.062654+00:00,KXNBAGAME-26FEB28TORWAS-WAS,0.12,0.13,0.125,,0.01,-0.2703396348572728,,,12,87,12.0,13.0,12.5,,1.0
2026-02-28T23:11:21.851445+00:00,KXNBAGAME-26FEB28TORWAS-WAS,0.13,0.13,0.13,,0.0,-0.46515055159998697,,,13,87,13.0,13.0,13.0,,0.0
2026-02-28T23:11:51.521682+00:00,KXNBAGAME-26FEB28TORWAS-WAS,0.16,0.18,0.17,0.16429333333333335,0.02,-0.4216080452360833,161.0,589.0,16,72,16.0,18.0,17.0,16.4,2.0
2026-02-28T23:20:30.768086+00:00,KXNBAGAME-26FEB28TORWAS-WAS,0.13,0.13,0.13,,0.0,-0.46211743402552014,,,13,87,13.0,13.0,13.0,,0.0
2026-02-28T23:29:39.129216+00:00,KXNBAGAME-26FEB28TORWAS-WAS,0.13,0.13,0.13,,0.0,-0.4941950924966615,,,13,87,13.0,13.0,13.0,,0.0
2026-02-28T23:31:48.789285+00:00,KXNBAGAME-26FEB28TORWAS-WAS,0.16,0.18,0.17,0.16429333333333335,0.02,-0.4216080452360833,161.0,589.0,16,72,16.0,18.0,17.0,16.4,2.0
2026-02-28T23:38:48.087251+00:00,KXNBAGAME-26FEB28TORWAS-WAS,0.13,0.13,0.13,,0.0,-0.4969238628083517,,,13,87,13.0,13.0,13.0,,0.0
2026-02-28T23:47:57.549395+00:00,KXNBAGAME-26FEB28TORWAS-WAS,0.13,0.13,0.13,,0.0,-0.5072454943337766,,,13,87,13.0,13.0,13.0,,0.0
2026-02-28T23:51:55.133206+00:00,KXNBAGAME-26FEB28TORWAS-WAS,0.16,0.18,0.17,0.16429333333333335,0.02,-0.4216080452360833,161.0,589.0,16,72,16.0,18.0,17.0,16.4,2.0
2026-03-01T00:12:07.773942+00:00,KXNBAGAME-26FEB28TORWAS-WAS,0.16,0.18,0.17,0.16429333333333335,0.02,-0.4216080452360833,161.0,589.0,16,72,16.0,18.0,17.0,16.4,2.0
2026-03-01T00:32:22.713478+00:00,KXNBAGAME-26FEB28TORWAS-WAS,0.16,0.18,0.17,0.16429333333333335,0.02,-0.4216080452360833,161.0,589.0,16,72,16.0,18.0,17.0,16.4,2.0
2026-03-01T00:52:49.944122+00:00,KXNBAGAME-26FEB28TORWAS-WAS,0.16,0.18,0.17,0.16429333333333335,0.02,-0.4216080452360833,161.0,589.0,16,72,16.0,18.0,17.0,16.4,2.0
2026-03-01T01:13:17.533617+00:00,KXNBAGAME-26FEB28TORWAS-WAS,0.16,0.18,0.17,0.16429333333333335,0.02,-0.4216080452360833,161.0,589.0,16,72,16.0,18.0,17.0,16.4,2.0
2026-03-01T01:19:46.891870+00:00,KXNBAGAME-26FEB28TORWAS-WAS,0.24,0.25,0.245,,0.01,0.36330415265883337,,,24,74,24.0,25.0,24.5,,1.0
2026-03-01T01:28:57.032334+00:00,KXNBAGAME-26FEB28TORWAS-WAS,0.25,0.25,0.25,,0.0,0.0,,,25,75,25.0,25.0,25.0,,0.0
2026-03-01T01:33:48.610393+00:00,KXNBAGAME-26FEB28TORWAS-WAS,0.16,0.18,0.17,0.16429333333333335,0.02,-0.4216080452360833,161.0,589.0,16,72,16.0,18.0,17.0,16.4,2.0
2026-03-01T01:54:33.844778+00:00,KXNBAGAME-26FEB28TORWAS-WAS,0.16,0.18,0.17,0.16429333333333335,0.02,-0.4216080452360833,161.0,589.0,16,72,16.0,18.0,17.0,16.4,2.0
2026-03-01T02:15:15.883600+00:00,KXNBAGAME-26FEB28TORWAS-WAS,0.16,0.18,0.17,0.16429333333333335,0.02,-0.4216080452360833,161.0,589.0,16,72,16.0,18.0,17.0,16.4,2.0
2026-03-01T02:35:57.936351+00:00,KXNBAGAME-26FEB28TORWAS-WAS,0.16,0.18,0.17,0.16429333333333335,0.02,-0.4216080452360833,161.0,589.0,16,72,16.0,18.0,17.0,16.4,2.0
2026-03-01T02:51:32.679479+00:00,KXNBAGAME-26FEB28TORWAS-WAS,0.0,1.0,0.5,,1.0,0.0,,,0,0,0.0,100.0,50.0,,100.0
2026-03-01T02:56:51.892776+00:00,KXNBAGAME-26FEB28TORWAS-WAS,0.16,0.18,0.17,0.16429333333333335,0.02,-0.4216080452360833,161.0,589.0,16,72,16.0,18.0,17.0,16.4,2.0
2026-03-01T03:00:43.320349+00:00,KXNBAGAME-26FEB28TORWAS-WAS,0.0,1.0,0.5,,1.0,0.0,,,0,0,0.0,100.0,50.0,,100.0
2026-03-01T03:09:54.824447+00:00,KXNBAGAME-26FEB28TORWAS-WAS,0.0,1.0,0.5,,1.0,0.0,,,0,0,0.0,100.0,50.0,,100.0
2026-03-01T03:17:47.627374+00:00,KXNBAGAME-26FEB28TORWAS-WAS,0.16,0.18,0.17,0.16429333333333335,0.02,-0.4216080452360833,161.0,589.0,16,72,16.0,18.0,17.0,16.4,2.0
2026-03-01T03:19:07.508258+00:00,KXNBAGAME-26FEB28TORWAS-WAS,0.0,1.0,0.5,,1.0,0.0,,,0,0,0.0,100.0,50.0,,100.0
2026-03-01T03:28:19.869085+00:00,KXNBAGAME-26FEB28TORWAS-WAS,0.0,1.0,0.5,,1.0,0.0,,,0,0,0.0,100.0,50.0,,100.0
2026-03-01T03:37:29.605741+00:00,KXNBAGAME-26FEB28TORWAS-WAS,0.0,1.0,0.5,,1.0,0.0,,,0,0,0.0,100.0,50.0,,100.0
2026-03-01T03:38:48.172545+00:00,KXNBAGAME-26FEB28TORWAS-WAS,0.16,0.18,0.17,0.16429333333333335,0.02,-0.4216080452360833,161.0,589.0,16,72,16.0,18.0,17.0,16.4,2.0
2026-03-01T03:46:39.158187+00:00,KXNBAGAME-26FEB28TORWAS-WAS,0.0,1.0,0.5,,1.0,0.0,,,0,0,0.0,100.0,50.0,,100.0
2026-03-01T03:55:45.977746+00:00,KXNBAGAME-26FEB28TORWAS-WAS,0.0,1.0,0.5,,1.0,0.0,,,0,0,0.0,100.0,50.0,,100.0
2026-03-01T03:59:49.388990+00:00,KXNBAGAME-26FEB28TORWAS-WAS,0.16,0.18,0.17,0.16429333333333335,0.02,-0.4216080452360833,161.0,589.0,16,72,16.0,18.0,17.0,16.4,2.0
2026-03-01T04:04:55.277926+00:00,KXNBAGAME-26FEB28TORWAS-WAS,0.0,1.0,0.5,,1.0,0.0,,,0,0,0.0,100.0,50.0,,100.0
2026-03-01T04:14:07.053399+00:00,KXNBAGAME-26FEB28TORWAS-WAS,0.0,1.0,0.5,,1.0,0.0,,,0,0,0.0,100.0,50.0,,100.0
2026-03-01T04:20:56.209837+00:00,KXNBAGAME-26FEB28TORWAS-WAS,0.16,0.18,0.17,0.16429333333333335,0.02,-0.4216080452360833,161.0,589.0,16,72,16.0,18.0,17.0,16.4,2.0
2026-03-01T04:23:22.672312+00:00,KXNBAGAME-26FEB28TORWAS-WAS,0.0,1.0,0.5,,1.0,0.0,,,0,0,0.0,100.0,50.0,,100.0
2026-03-01T04:32:38.045383+00:00,KXNBAGAME-26FEB28TORWAS-WAS,0.0,1.0,0.5,,1.0,0.0,,,0,0,0.0,100.0,50.0,,100.0
2026-03-01T04:41:51.767550+00:00,KXNBAGAME-26FEB28TORWAS-WAS,0.0,1.0,0.5,,1.0,0.0,,,0,0,0.0,100.0,50.0,,100.0
2026-03-01T04:42:02.866342+00:00,KXNBAGAME-26FEB28TORWAS-WAS,0.16,0.18,0.17,0.16429333333333335,0.02,-0.4216080452360833,161.0,589.0,16,72,16.0,18.0,17.0,16.4,2.0
2026-03-01T04:51:03.927759+00:00,KXNBAGAME-26FEB28TORWAS-WAS,0.0,1.0,0.5,,1.0,0.0,,,0,0,0.0,100.0,50.0,,100.0
2026-03-01T05:00:21.054011+00:00,KXNBAGAME-26FEB28TORWAS-WAS,0.0,1.0,0.5,,1.0,0.0,,,0,0,0.0,100.0,50.0,,100.0
2026-03-01T05:03:18.732020+00:00,KXNBAGAME-26FEB28TORWAS-WAS,0.16,0.18,0.17,0.16429333333333335,0.02,-0.4216080452360833,161.0,589.0,16,72,16.0,18.0,17.0,16.4,2.0
2026-03-01T05:09:36.889874+00:00,KXNBAGAME-26FEB28TORWAS-WAS,0.0,1.0,0.5,,1.0,0.0,,,0,0,0.0,100.0,50.0,,100.0
2026-03-01T05:18:52.676194+00:00,KXNBAGAME-26FEB28TORWAS-WAS,0.0,1.0,0.5,,1.0,0.0,,,0,0,0.0,100.0,50.0,,100.0
2026-03-01T05:24:35.153181+00:00,KXNBAGAME-26FEB28TORWAS-WAS,0.16,0.18,0.17,0.16429333333333335,0.02,-0.4216080452360833,161.0,589.0,16,72,16.0,18.0,17.0,16.4,2.0
2026-03-01T05:28:05.963086+00:00,KXNBAGAME-26FEB28TORWAS-WAS,0.0,1.0,0.5,,1.0,0.0,,,0,0,0.0,100.0,50.0,,100.0
2026-03-01T05:37:19.275035+00:00,KXNBAGAME-26FEB28TORWAS-WAS,0.0,1.0,0.5,,1.0,0.0,,,0,0,0.0,100.0,50.0,,100.0
2026-03-01T05:45:53.773808+00:00,KXNBAGAME-26FEB28TORWAS-WAS,0.16,0.18,0.17,0.16429333333333335,0.02,-0.4216080452360833,161.0,589.0,16,72,16.0,18.0,17.0,16.4,2.0
2026-03-01T05:46:34.520480+00:00,KXNBAGAME-26FEB28TORWAS-WAS,0.0,1.0,0.5,,1.0,0.0,,,0,0,0.0,100.0,50.0,,100.0
2026-03-01T05:55:49.374130+00:00,KXNBAGAME-26FEB28TORWAS-WAS,0.0,1.0,0.5,,1.0,0.0,,,0,0,0.0,100.0,50.0,,100.0
2026-03-01T06:05:00.367906+00:00,KXNBAGAME-26FEB28TORWAS-WAS,0.0,1.0,0.5,,1.0,0.0,,,0,0,0.0,100.0,50.0,,100.0
2026-03-01T06:07:20.009213+00:00,KXNBAGAME-26FEB28TORWAS-WAS,0.16,0.18,0.17,0.16429333333333335,0.02,-0.4216080452360833,161.0,589.0,16,72,16.0,18.0,17.0,16.4,2.0
2026-03-01T06:14:09.019968+00:00,KXNBAGAME-26FEB28TORWAS-WAS,0.0,1.0,0.5,,1.0,0.0,,,0,0,0.0,100.0,50.0,,100.0
2026-03-01T06:23:16.152065+00:00,KXNBAGAME-26FEB28TORWAS-WAS,0.0,1.0,0.5,,1.0,0.0,,,0,0,0.0,100.0,50.0,,100.0
2026-03-01T06:28:45.082303+00:00,KXNBAGAME-26FEB28TORWAS-WAS,0.16,0.18,0.17,0.16429333333333335,0.02,-0.4216080452360833,161.0,589.0,16,72,16.0,18.0,17.0,16.4,2.0
2026-03-01T06:32:27.254130+00:00,KXNBAGAME-26FEB28TORWAS-WAS,0.0,1.0,0.5,,1.0,0.0,,,0,0,0.0,100.0,50.0,,100.0
2026-03-01T06:41:36.983515+00:00,KXNBAGAME-26FEB28TORWAS-WAS,0.0,1.0,0.5,,1.0,0.0,,,0,0,0.0,100.0,50.0,,100.0
2026-03-01T06:50:19.201187+00:00,KXNBAGAME-26FEB28TORWAS-WAS,0.16,0.18,0.17,0.16429333333333335,0.02,-0.4216080452360833,161.0,589.0,16,72,16.0,18.0,17.0,16.4,2.0
2026-03-01T06:50:45.896188+00:00,KXNBAGAME-26FEB28TORWAS-WAS,0.0,1.0,0.5,,1.0,0.0,,,0,0,0.0,100.0,50.0,,100.0
2026-03-01T06:59:56.650725+00:00,KXNBAGAME-26FEB28TORWAS-WAS,0.0,1.0,0.5,,1.0,0.0,,,0,0,0.0,100.0,50.0,,100.0
2026-03-01T07:09:07.160068+00:00,KXNBAGAME-26FEB28TORWAS-WAS,0.0,1.0,0.5,,1.0,0.0,,,0,0,0.0,100.0,50.0,,100.0
2026-03-01T07:12:08.787588+00:00,KXNBAGAME-26FEB28TORWAS-WAS,0.16,0.18,0.17,0.16429333333333335,0.02,-0.4216080452360833,161.0,589.0,16,72,16.0,18.0,17.0,16.4,2.0
2026-03-01T07:18:17.721602+00:00,KXNBAGAME-26FEB28TORWAS-WAS,0.0,1.0,0.5,,1.0,0.0,,,0,0,0.0,100.0,50.0,,100.0
2026-03-01T07:27:29.001402+00:00,KXNBAGAME-26FEB28TORWAS-WAS,0.0,1.0,0.5,,1.0,0.0,,,0,0,0.0,100.0,50.0,,100.0
2026-03-01T07:34:04.622446+00:00,KXNBAGAME-26FEB28TORWAS-WAS,0.16,0.18,0.17,0.16429333333333335,0.02,-0.4216080452360833,161.0,589.0,16,72,16.0,18.0,17.0,16.4,2.0
2026-03-01T07:36:39.407773+00:00,KXNBAGAME-26FEB28TORWAS-WAS,0.0,1.0,0.5,,1.0,0.0,,,0,0,0.0,100.0,50.0,,100.0
2026-03-01T07:45:45.519777+00:00,KXNBAGAME-26FEB28TORWAS-WAS,0.0,1.0,0.5,,1.0,0.0,,,0,0,0.0,100.0,50.0,,100.0
2026-03-01T07:54:57.805607+00:00,KXNBAGAME-26FEB28TORWAS-WAS,0.0,1.0,0.5,,1.0,0.0,,,0,0,0.0,100.0,50.0,,100.0
2026-03-01T07:56:17.159977+00:00,KXNBAGAME-26FEB28TORWAS-WAS,0.16,0.18,0.17,0.16429333333333335,0.02,-0.4216080452360833,161.0,589.0,16,72,16.0,18.0,17.0,16.4,2.0
2026-03-01T08:04:09.028984+00:00,KXNBAGAME-26FEB28TORWAS-WAS,0.0,1.0,0.5,,1.0,0.0,,,0,0,0.0,100.0,50.0,,100.0
2026-03-01T08:13:19.382279+00:00,KXNBAGAME-26FEB28TORWAS-WAS,0.0,1.0,0.5,,1.0,0.0,,,0,0,0.0,100.0,50.0,,100.0
2026-03-01T08:18:30.495155+00:00,KXNBAGAME-26FEB28TORWAS-WAS,0.16,0.18,0.17,0.16429333333333335,0.02,-0.4216080452360833,161.0,589.0,16,72,16.0,18.0,17.0,16.4,2.0
2026-03-01T08:22:29.832602+00:00,KXNBAGAME-26FEB28TORWAS-WAS,0.0,1.0,0.5,,1.0,0.0,,,0,0,0.0,100.0,50.0,,100.0
2026-03-01T08:31:40.340678+00:00,KXNBAGAME-26FEB28TORWAS-WAS,0.0,1.0,0.5,,1.0,0.0,,,0,0,0.0,100.0,50.0,,100.0
2026-03-01T08:40:42.673766+00:00,KXNBAGAME-26FEB28TORWAS-WAS,0.16,0.18,0.17,0.16429333333333335,0.02,-0.4216080452360833,161.0,589.0,16,72,16.0,18.0,17.0,16.4,2.0
2026-03-01T08:40:50.688755+00:00,KXNBAGAME-26FEB28TORWAS-WAS,0.0,1.0,0.5,,1.0,0.0,,,0,0,0.0,100.0,50.0,,100.0
2026-03-01T08:50:02.814819+00:00,KXNBAGAME-26FEB28TORWAS-WAS,0.0,1.0,0.5,,1.0,0.0,,,0,0,0.0,100.0,50.0,,100.0
2026-03-01T08:59:11.027968+00:00,KXNBAGAME-26FEB28TORWAS-WAS,0.0,1.0,0.5,,1.0,0.0,,,0,0,0.0,100.0,50.0,,100.0
2026-03-01T09:03:04.048589+00:00,KXNBAGAME-26FEB28TORWAS-WAS,0.16,0.18,0.17,0.16429333333333335,0.02,-0.4216080452360833,161.0,589.0,16,72,16.0,18.0,17.0,16.4,2.0
2026-03-01T09:08:13.661531+00:00,KXNBAGAME-26FEB28TORWAS-WAS,0.0,1.0,0.5,,1.0,0.0,,,0,0,0.0,100.0,50.0,,100.0
2026-03-01T09:17:19.946133+00:00,KXNBAGAME-26FEB28TORWAS-WAS,0.0,1.0,0.5,,1.0,0.0,,,0,0,0.0,100.0,50.0,,100.0
2026-03-01T09:25:10.894411+00:00,KXNBAGAME-26FEB28TORWAS-WAS,0.16,0.18,0.17,0.16429333333333335,0.02,-0.4216080452360833,161.0,589.0,16,72,16.0,18.0,17.0,16.4,2.0
2026-03-01T09:26:26.910331+00:00,KXNBAGAME-26FEB28TORWAS-WAS,0.0,1.0,0.5,,1.0,0.0,,,0,0,0.0,100.0,50.0,,100.0
2026-03-01T09:35:33.485377+00:00,KXNBAGAME-26FEB28TORWAS-WAS,0.0,1.0,0.5,,1.0,0.0,,,0,0,0.0,100.0,50.0,,100.0
2026-03-01T09:44:39.517915+00:00,KXNBAGAME-26FEB28TORWAS-WAS,0.0,1.0,0.5,,1.0,0.0,,,0,0,0.0,100.0,50.0,,100.0
2026-03-01T09:47:30.660828+00:00,KXNBAGAME-26FEB28TORWAS-WAS,0.16,0.18,0.17,0.16429333333333335,0.02,-0.4216080452360833,161.0,589.0,16,72,16.0,18.0,17.0,16.4,2.0
2026-03-01T09:53:46.436161+00:00,KXNBAGAME-26FEB28TORWAS-WAS,0.0,1.0,0.5,,1.0,0.0,,,0,0,0.0,100.0,50.0,,100.0
2026-03-01T10:02:55.189324+00:00,KXNBAGAME-26FEB28TORWAS-WAS,0.0,1.0,0.5,,1.0,0.0,,,0,0,0.0,100.0,50.0,,100.0
2026-03-01T10:09:53.186469+00:00,KXNBAGAME-26FEB28TORWAS-WAS,0.16,0.18,0.17,0.16429333333333335,0.02,-0.4216080452360833,161.0,589.0,16,72,16.0,18.0,17.0,16.4,2.0
2026-03-01T10:12:07.372454+00:00,KXNBAGAME-26FEB28TORWAS-WAS,0.0,1.0,0.5,,1.0,0.0,,,0,0,0.0,100.0,50.0,,100.0
2026-03-01T10:21:13.942433+00:00,KXNBAGAME-26FEB28TORWAS-WAS,0.0,1.0,0.5,,1.0,0.0,,,0,0,0.0,100.0,50.0,,100.0
2026-03-01T10:30:20.494945+00:00,KXNBAGAME-26FEB28TORWAS-WAS,0.0,1.0,0.5,,1.0,0.0,,,0,0,0.0,100.0,50.0,,100.0
2026-03-01T10:32:17.053491+00:00,KXNBAGAME-26FEB28TORWAS-WAS,0.16,0.18,0.17,0.16429333333333335,0.02,-0.4216080452360833,161.0,589.0,16,72,16.0,18.0,17.0,16.4,2.0
2026-03-01T10:39:30.872346+00:00,KXNBAGAME-26FEB28TORWAS-WAS,0.0,1.0,0.5,,1.0,0.0,,,0,0,0.0,100.0,50.0,,100.0
2026-03-01T10:48:42.329851+00:00,KXNBAGAME-26FEB28TORWAS-WAS,0.0,1.0,0.5,,1.0,0.0,,,0,0,0.0,100.0,50.0,,100.0
2026-03-01T10:54:41.754032+00:00,KXNBAGAME-26FEB28TORWAS-WAS,0.16,0.18,0.17,0.16429333333333335,0.02,-0.4216080452360833,161.0,589.0,16,72,16.0,18.0,17.0,16.4,2.0
2026-03-01T10:58:03.065533+00:00,KXNBAGAME-26FEB28TORWAS-WAS,0.0,1.0,0.5,,1.0,0.0,,,0,0,0.0,100.0,50.0,,100.0
2026-03-01T11:07:21.015811+00:00,KXNBAGAME-26FEB28TORWAS-WAS,0.0,1.0,0.5,,1.0,0.0,,,0,0,0.0,100.0,50.0,,100.0
2026-03-01T11:16:37.824137+00:00,KXNBAGAME-26FEB28TORWAS-WAS,0.0,1.0,0.5,,1.0,0.0,,,0,0,0.0,100.0,50.0,,100.0
2026-03-01T11:17:06.491005+00:00,KXNBAGAME-26FEB28TORWAS-WAS,0.16,0.18,0.17,0.16429333333333335,0.02,-0.4216080452360833,161.0,589.0,16,72,16.0,18.0,17.0,16.4,2.0
2026-03-01T11:25:52.456974+00:00,KXNBAGAME-26FEB28TORWAS-WAS,0.0,1.0,0.5,,1.0,0.0,,,0,0,0.0,100.0,50.0,,100.0
2026-03-01T11:35:06.109728+00:00,KXNBAGAME-26FEB28TORWAS-WAS,0.0,1.0,0.5,,1.0,0.0,,,0,0,0.0,100.0,50.0,,100.0
2026-03-01T11:39:31.478565+00:00,KXNBAGAME-26FEB28TORWAS-WAS,0.16,0.18,0.17,0.16429333333333335,0.02,-0.4216080452360833,161.0,589.0,16,72,16.0,18.0,17.0,16.4,2.0
2026-03-01T11:44:21.605723+00:00,KXNBAGAME-26FEB28TORWAS-WAS,0.0,1.0,0.5,,1.0,0.0,,,0,0,0.0,100.0,50.0,,100.0
2026-03-01T11:53:37.103368+00:00,KXNBAGAME-26FEB28TORWAS-WAS,0.0,1.0,0.5,,1.0,0.0,,,0,0,0.0,100.0,50.0,,100.0
2026-03-01T12:01:57.679941+00:00,KXNBAGAME-26FEB28TORWAS-WAS,0.16,0.18,0.17,0.16429333333333335,0.02,-0.4216080452360833,161.0,589.0,16,72,16.0,18.0,17.0,16.4,2.0
2026-03-01T12:02:55.759602+00:00,KXNBAGAME-26FEB28TORWAS-WAS,0.0,1.0,0.5,,1.0,0.0,,,0,0,0.0,100.0,50.0,,100.0
2026-03-01T12:12:12.325022+00:00,KXNBAGAME-26FEB28TORWAS-WAS,0.0,1.0,0.5,,1.0,0.0,,,0,0,0.0,100.0,50.0,,100.0
2026-03-01T12:21:31.985853+00:00,KXNBAGAME-26FEB28TORWAS-WAS,0.0,1.0,0.5,,1.0,0.0,,,0,0,0.0,100.0,50.0,,100.0
2026-03-01T12:24:22.515644+00:00,KXNBAGAME-26FEB28TORWAS-WAS,0.16,0.18,0.17,0.16429333333333335,0.02,-0.4216080452360833,161.0,589.0,16,72,16.0,18.0,17.0,16.4,2.0
2026-03-01T12:30:48.757976+00:00,KXNBAGAME-26FEB28TORWAS-WAS,0.0,1.0,0.5,,1.0,0.0,,,0,0,0.0,100.0,50.0,,100.0
2026-03-01T12:40:05.376747+00:00,KXNBAGAME-26FEB28TORWAS-WAS,0.0,1.0,0.5,,1.0,0.0,,,0,0,0.0,100.0,50.0,,100.0
2026-03-01T12:46:48.206306+00:00,KXNBAGAME-26FEB28TORWAS-WAS,0.16,0.18,0.17,0.16429333333333335,0.02,-0.4216080452360833,161.0,589.0,16,72,16.0,18.0,17.0,16.4,2.0
2026-03-01T12:49:22.256334+00:00,KXNBAGAME-26FEB28TORWAS-WAS,0.0,1.0,0.5,,1.0,0.0,,,0,0,0.0,100.0,50.0,,100.0
2026-03-01T12:58:40.117093+00:00,KXNBAGAME-26FEB28TORWAS-WAS,0.0,1.0,0.5,,1.0,0.0,,,0,0,0.0,100.0,50.0,,100.0
2026-03-01T13:07:54.746230+00:00,KXNBAGAME-26FEB28TORWAS-WAS,0.0,1.0,0.5,,1.0,0.0,,,0,0,0.0,100.0,50.0,,100.0
2026-03-01T13:09:14.288918+00:00,KXNBAGAME-26FEB28TORWAS-WAS,0.16,0.18,0.17,0.16429333333333335,0.02,-0.4216080452360833,161.0,589.0,16,72,16.0,18.0,17.0,16.4,2.0
2026-03-01T13:17:04.689427+00:00,KXNBAGAME-26FEB28TORWAS-WAS,0.0,1.0,0.5,,1.0,0.0,,,0,0,0.0,100.0,50.0,,100.0
2026-03-01T13:26:16.014241+00:00,KXNBAGAME-26FEB28TORWAS-WAS,0.0,1.0,0.5,,1.0,0.0,,,0,0,0.0,100.0,50.0,,100.0
2026-03-01T13:31:47.134715+00:00,KXNBAGAME-26FEB28TORWAS-WAS,0.16,0.18,0.17,0.16429333333333335,0.02,-0.4216080452360833,161.0,589.0,16,72,16.0,18.0,17.0,16.4,2.0
2026-03-01T13:35:25.570476+00:00,KXNBAGAME-26FEB28TORWAS-WAS,0.0,1.0,0.5,,1.0,0.0,,,0,0,0.0,100.0,50.0,,100.0
2026-03-01T13:44:36.063518+00:00,KXNBAGAME-26FEB28TORWAS-WAS,0.0,1.0,0.5,,1.0,0.0,,,0,0,0.0,100.0,50.0,,100.0
2026-03-01T13:53:46.018896+00:00,KXNBAGAME-26FEB28TORWAS-WAS,0.0,1.0,0.5,,1.0,0.0,,,0,0,0.0,100.0,50.0,,100.0
2026-03-01T13:54:22.369661+00:00,KXNBAGAME-26FEB28TORWAS-WAS,0.16,0.18,0.17,0.16429333333333335,0.02,-0.4216080452360833,161.0,589.0,16,72,16.0,18.0,17.0,16.4,2.0
2026-03-01T14:02:55.391580+00:00,KXNBAGAME-26FEB28TORWAS-WAS,0.0,1.0,0.5,,1.0,0.0,,,0,0,0.0,100.0,50.0,,100.0
2026-03-01T14:12:05.929284+00:00,KXNBAGAME-26FEB28TORWAS-WAS,0.0,1.0,0.5,,1.0,0.0,,,0,0,0.0,100.0,50.0,,100.0
2026-03-01T14:16:57.358340+00:00,KXNBAGAME-26FEB28TORWAS-WAS,0.16,0.18,0.17,0.16429333333333335,0.02,-0.4216080452360833,161.0,589.0,16,72,16.0,18.0,17.0,16.4,2.0
2026-03-01T14:21:18.801844+00:00,KXNBAGAME-26FEB28TORWAS-WAS,0.0,1.0,0.5,,1.0,0.0,,,0,0,0.0,100.0,50.0,,100.0
2026-03-01T14:30:30.367432+00:00,KXNBAGAME-26FEB28TORWAS-WAS,0.0,1.0,0.5,,1.0,0.0,,,0,0,0.0,100.0,50.0,,100.0
2026-03-01T14:39:43.397106+00:00,KXNBAGAME-26FEB28TORWAS-WAS,0.0,1.0,0.5,,1.0,0.0,,,0,0,0.0,100.0,50.0,,100.0
2026-03-01T14:39:45.255213+00:00,KXNBAGAME-26FEB28TORWAS-WAS,0.16,0.18,0.17,0.16429333333333335,0.02,-0.4216080452360833,161.0,589.0,16,72,16.0,18.0,17.0,16.4,2.0
2026-03-01T14:48:55.439744+00:00,KXNBAGAME-26FEB28TORWAS-WAS,0.0,1.0,0.5,,1.0,0.0,,,0,0,0.0,100.0,50.0,,100.0
2026-03-01T14:58:10.924034+00:00,KXNBAGAME-26FEB28TORWAS-WAS,0.0,1.0,0.5,,1.0,0.0,,,0,0,0.0,100.0,50.0,,100.0
2026-03-01T15:02:30.995024+00:00,KXNBAGAME-26FEB28TORWAS-WAS,0.16,0.18,0.17,0.16429333333333335,0.02,-0.4216080452360833,161.0,589.0,16,72,16.0,18.0,17.0,16.4,2.0
2026-03-01T15:07:22.122117+00:00,KXNBAGAME-26FEB28TORWAS-WAS,0.0,1.0,0.5,,1.0,0.0,,,0,0,0.0,100.0,50.0,,100.0
2026-03-01T15:16:32.715750+00:00,KXNBAGAME-26FEB28TORWAS-WAS,0.0,1.0,0.5,,1.0,0.0,,,0,0,0.0,100.0,50.0,,100.0
2026-03-01T15:25:15.342267+00:00,KXNBAGAME-26FEB28TORWAS-WAS,0.16,0.18,0.17,0.16429333333333335,0.02,-0.4216080452360833,161.0,589.0,16,72,16.0,18.0,17.0,16.4,2.0
2026-03-01T15:25:42.308330+00:00,KXNBAGAME-26FEB28TORWAS-WAS,0.0,1.0,0.5,,1.0,0.0,,,0,0,0.0,100.0,50.0,,100.0
2026-03-01T15:34:51.897771+00:00,KXNBAGAME-26FEB28TORWAS-WAS,0.0,1.0,0.5,,1.0,0.0,,,0,0,0.0,100.0,50.0,,100.0
2026-03-01T15:44:03.721046+00:00,KXNBAGAME-26FEB28TORWAS-WAS,0.0,1.0,0.5,,1.0,0.0,,,0,0,0.0,100.0,50.0,,100.0
2026-03-01T15:48:14.323775+00:00,KXNBAGAME-26FEB28TORWAS-WAS,0.16,0.18,0.17,0.16429333333333335,0.02,-0.4216080452360833,161.0,589.0,16,72,16.0,18.0,17.0,16.4,2.0
2026-03-01T15:53:20.183418+00:00,KXNBAGAME-26FEB28TORWAS-WAS,0.0,1.0,0.5,,1.0,0.0,,,0,0,0.0,100.0,50.0,,100.0
2026-03-01T16:02:31.861084+00:00,KXNBAGAME-26FEB28TORWAS-WAS,0.0,1.0,0.5,,1.0,0.0,,,0,0,0.0,100.0,50.0,,100.0
2026-03-01T16:11:12.267497+00:00,KXNBAGAME-26FEB28TORWAS-WAS,0.16,0.18,0.17,0.16429333333333335,0.02,-0.4216080452360833,161.0,589.0,16,72,16.0,18.0,17.0,16.4,2.0
2026-03-01T16:11:41.505016+00:00,KXNBAGAME-26FEB28TORWAS-WAS,0.0,1.0,0.5,,1.0,0.0,,,0,0,0.0,100.0,50.0,,100.0
2026-03-01T16:20:52.555669+00:00,KXNBAGAME-26FEB28TORWAS-WAS,0.0,1.0,0.5,,1.0,0.0,,,0,0,0.0,100.0,50.0,,100.0
2026-03-01T16:30:02.985894+00:00,KXNBAGAME-26FEB28TORWAS-WAS,0.0,1.0,0.5,,1.0,0.0,,,0,0,0.0,100.0,50.0,,100.0
2026-03-01T16:34:09.801985+00:00,KXNBAGAME-26FEB28TORWAS-WAS,0.16,0.18,0.17,0.16429333333333335,0.02,-0.4216080452360833,161.0,589.0,16,72,16.0,18.0,17.0,16.4,2.0
2026-03-01T16:39:12.846740+00:00,KXNBAGAME-26FEB28TORWAS-WAS,0.0,1.0,0.5,,1.0,0.0,,,0,0,0.0,100.0,50.0,,100.0
2026-03-01T16:48:23.135158+00:00,KXNBAGAME-26FEB28TORWAS-WAS,0.0,1.0,0.5,,1.0,0.0,,,0,0,0.0,100.0,50.0,,100.0
2026-03-01T16:57:16.297551+00:00,KXNBAGAME-26FEB28TORWAS-WAS,0.16,0.18,0.17,0.16429333333333335,0.02,-0.4216080452360833,161.0,589.0,16,72,16.0,18.0,17.0,16.4,2.0
2026-03-01T16:57:32.114737+00:00,KXNBAGAME-26FEB28TORWAS-WAS,0.0,1.0,0.5,,1.0,0.0,,,0,0,0.0,100.0,50.0,,100.0
2026-03-01T17:06:43.668572+00:00,KXNBAGAME-26FEB28TORWAS-WAS,0.0,1.0,0.5,,1.0,0.0,,,0,0,0.0,100.0,50.0,,100.0
2026-03-01T17:15:53.286183+00:00,KXNBAGAME-26FEB28TORWAS-WAS,0.0,1.0,0.5,,1.0,0.0,,,0,0,0.0,100.0,50.0,,100.0
2026-03-01T17:20:25.760994+00:00,KXNBAGAME-26FEB28TORWAS-WAS,0.16,0.18,0.17,0.16429333333333335,0.02,-0.4216080452360833,161.0,589.0,16,72,16.0,18.0,17.0,16.4,2.0
2026-03-01T17:25:03.260933+00:00,KXNBAGAME-26FEB28TORWAS-WAS,0.0,1.0,0.5,,1.0,0.0,,,0,0,0.0,100.0,50.0,,100.0
2026-03-01T17:34:13.857906+00:00,KXNBAGAME-26FEB28TORWAS-WAS,0.0,1.0,0.5,,1.0,0.0,,,0,0,0.0,100.0,50.0,,100.0
2026-03-01T17:43:24.973465+00:00,KXNBAGAME-26FEB28TORWAS-WAS,0.0,1.0,0.5,,1.0,0.0,,,0,0,0.0,100.0,50.0,,100.0
2026-03-01T17:43:43.197547+00:00,KXNBAGAME-26FEB28TORWAS-WAS,0.16,0.18,0.17,0.16429333333333335,0.02,-0.4216080452360833,161.0,589.0,16,72,16.0,18.0,17.0,16.4,2.0
2026-03-01T17:52:36.534361+00:00,KXNBAGAME-26FEB28TORWAS-WAS,0.0,1.0,0.5,,1.0,0.0,,,0,0,0.0,100.0,50.0,,100.0
2026-03-01T18:01:46.600213+00:00,KXNBAGAME-26FEB28TORWAS-WAS,0.0,1.0,0.5,,1.0,0.0,,,0,0,0.0,100.0,50.0,,100.0
2026-03-01T18:07:01.550928+00:00,KXNBAGAME-26FEB28TORWAS-WAS,0.16,0.18,0.17,0.16429333333333335,0.02,-0.4216080452360833,161.0,589.0,16,72,16.0,18.0,17.0,16.4,2.0
2026-03-01T18:10:57.118014+00:00,KXNBAGAME-26FEB28TORWAS-WAS,0.0,1.0,0.5,,1.0,0.0,,,0,0,0.0,100.0,50.0,,100.0
2026-03-01T18:20:09.798294+00:00,KXNBAGAME-26FEB28TORWAS-WAS,0.0,1.0,0.5,,1.0,0.0,,,0,0,0.0,100.0,50.0,,100.0
2026-03-01T18:29:19.463709+00:00,KXNBAGAME-26FEB28TORWAS-WAS,0.0,1.0,0.5,,1.0,0.0,,,0,0,0.0,100.0,50.0,,100.0
2026-03-01T18:30:17.939764+00:00,KXNBAGAME-26FEB28TORWAS-WAS,0.16,0.18,0.17,0.16429333333333335,0.02,-0.4216080452360833,161.0,589.0,16,72,16.0,18.0,17.0,16.4,2.0
2026-03-01T18:38:31.522463+00:00,KXNBAGAME-26FEB28TORWAS-WAS,0.0,1.0,0.5,,1.0,0.0,,,0,0,0.0,100.0,50.0,,100.0
2026-03-01T18:47:44.088773+00:00,KXNBAGAME-26FEB28TORWAS-WAS,0.0,1.0,0.5,,1.0,0.0,,,0,0,0.0,100.0,50.0,,100.0
2026-03-01T18:53:47.781130+00:00,KXNBAGAME-26FEB28TORWAS-WAS,0.16,0.18,0.17,0.16429333333333335,0.02,-0.4216080452360833,161.0,589.0,16,72,16.0,18.0,17.0,16.4,2.0
2026-03-01T18:56:55.295142+00:00,KXNBAGAME-26FEB28TORWAS-WAS,0.0,1.0,0.5,,1.0,0.0,,,0,0,0.0,100.0,50.0,,100.0
2026-03-01T19:06:08.223638+00:00,KXNBAGAME-26FEB28TORWAS-WAS,0.0,1.0,0.5,,1.0,0.0,,,0,0,0.0,100.0,50.0,,100.0
2026-03-01T19:15:18.511900+00:00,KXNBAGAME-26FEB28TORWAS-WAS,0.0,1.0,0.5,,1.0,0.0,,,0,0,0.0,100.0,50.0,,100.0
2026-03-01T19:17:14.944146+00:00,KXNBAGAME-26FEB28TORWAS-WAS,0.16,0.18,0.17,0.16429333333333335,0.02,-0.4216080452360833,161.0,589.0,16,72,16.0,18.0,17.0,16.4,2.0
2026-03-01T19:24:28.930331+00:00,KXNBAGAME-26FEB28TORWAS-WAS,0.0,1.0,0.5,,1.0,0.0,,,0,0,0.0,100.0,50.0,,100.0
2026-03-01T19:33:40.226518+00:00,KXNBAGAME-26FEB28TORWAS-WAS,0.0,1.0,0.5,,1.0,0.0,,,0,0,0.0,100.0,50.0,,100.0
2026-03-01T19:40:42.782638+00:00,KXNBAGAME-26FEB28TORWAS-WAS,0.16,0.18,0.17,0.16429333333333335,0.02,-0.4216080452360833,161.0,589.0,16,72,16.0,18.0,17.0,16.4,2.0
2026-03-01T19:42:51.765830+00:00,KXNBAGAME-26FEB28TORWAS-WAS,0.0,1.0,0.5,,1.0,0.0,,,0,0,0.0,100.0,50.0,,100.0
2026-03-01T19:52:01.941846+00:00,KXNBAGAME-26FEB28TORWAS-WAS,0.0,1.0,0.5,,1.0,0.0,,,0,0,0.0,100.0,50.0,,100.0
2026-03-01T20:01:09.130795+00:00,KXNBAGAME-26FEB28TORWAS-WAS,0.0,1.0,0.5,,1.0,0.0,,,0,0,0.0,100.0,50.0,,100.0
2026-03-01T20:04:21.370203+00:00,KXNBAGAME-26FEB28TORWAS-WAS,0.16,0.18,0.17,0.16429333333333335,0.02,-0.4216080452360833,161.0,589.0,16,72,16.0,18.0,17.0,16.4,2.0
2026-03-01T20:10:15.168066+00:00,KXNBAGAME-26FEB28TORWAS-WAS,0.0,1.0,0.5,,1.0,0.0,,,0,0,0.0,100.0,50.0,,100.0
2026-03-01T20:19:21.177573+00:00,KXNBAGAME-26FEB28TORWAS-WAS,0.0,1.0,0.5,,1.0,0.0,,,0,0,0.0,100.0,50.0,,100.0
2026-03-01T20:27:55.388015+00:00,KXNBAGAME-26FEB28TORWAS-WAS,0.16,0.18,0.17,0.16429333333333335,0.02,-0.4216080452360833,161.0,589.0,16,72,16.0,18.0,17.0,16.4,2.0
2026-03-01T20:28:26.443686+00:00,KXNBAGAME-26FEB28TORWAS-WAS,0.0,1.0,0.5,,1.0,0.0,,,0,0,0.0,100.0,50.0,,100.0
2026-03-01T20:37:32.097363+00:00,KXNBAGAME-26FEB28TORWAS-WAS,0.0,1.0,0.5,,1.0,0.0,,,0,0,0.0,100.0,50.0,,100.0
2026-03-01T20:46:37.350212+00:00,KXNBAGAME-26FEB28TORWAS-WAS,0.0,1.0,0.5,,1.0,0.0,,,0,0,0.0,100.0,50.0,,100.0
2026-03-01T20:51:45.116003+00:00,KXNBAGAME-26FEB28TORWAS-WAS,0.16,0.18,0.17,0.16429333333333335,0.02,-0.4216080452360833,161.0,589.0,16,72,16.0,18.0,17.0,16.4,2.0
2026-03-01T20:55:44.619285+00:00,KXNBAGAME-26FEB28TORWAS-WAS,0.0,1.0,0.5,,1.0,0.0,,,0,0,0.0,100.0,50.0,,100.0
2026-03-01T21:04:51.450666+00:00,KXNBAGAME-26FEB28TORWAS-WAS,0.0,1.0,0.5,,1.0,0.0,,,0,0,0.0,100.0,50.0,,100.0
2026-03-01T21:13:57.607857+00:00,KXNBAGAME-26FEB28TORWAS-WAS,0.0,1.0,0.5,,1.0,0.0,,,0,0,0.0,100.0,50.0,,100.0
2026-03-01T21:15:35.619845+00:00,KXNBAGAME-26FEB28TORWAS-WAS,0.16,0.18,0.17,0.16429333333333335,0.02,-0.4216080452360833,161.0,589.0,16,72,16.0,18.0,17.0,16.4,2.0
2026-03-01T21:23:03.773383+00:00,KXNBAGAME-26FEB28TORWAS-WAS,0.0,1.0,0.5,,1.0,0.0,,,0,0,0.0,100.0,50.0,,100.0
2026-03-01T21:32:09.308378+00:00,KXNBAGAME-26FEB28TORWAS-WAS,0.0,1.0,0.5,,1.0,0.0,,,0,0,0.0,100.0,50.0,,100.0
2026-03-01T21:39:32.323985+00:00,KXNBAGAME-26FEB28TORWAS-WAS,0.16,0.18,0.17,0.16429333333333335,0.02,-0.4216080452360833,161.0,589.0,16,72,16.0,18.0,17.0,16.4,2.0
2026-03-01T21:41:15.119052+00:00,KXNBAGAME-26FEB28TORWAS-WAS,0.0,1.0,0.5,,1.0,0.0,,,0,0,0.0,100.0,50.0,,100.0
2026-03-01T21:50:21.957958+00:00,KXNBAGAME-26FEB28TORWAS-WAS,0.0,1.0,0.5,,1.0,0.0,,,0,0,0.0,100.0,50.0,,100.0
2026-03-01T21:59:27.573665+00:00,KXNBAGAME-26FEB28TORWAS-WAS,0.0,1.0,0.5,,1.0,0.0,,,0,0,0.0,100.0,50.0,,100.0
2026-03-01T22:03:29.070507+00:00,KXNBAGAME-26FEB28TORWAS-WAS,0.16,0.18,0.17,0.16429333333333335,0.02,-0.4216080452360833,161.0,589.0,16,72,16.0,18.0,17.0,16.4,2.0
2026-03-01T22:08:34.409124+00:00,KXNBAGAME-26FEB28TORWAS-WAS,0.0,1.0,0.5,,1.0,0.0,,,0,0,0.0,100.0,50.0,,100.0
2026-03-01T22:17:40.466946+00:00,KXNBAGAME-26FEB28TORWAS-WAS,0.0,1.0,0.5,,1.0,0.0,,,0,0,0.0,100.0,50.0,,100.0
2026-03-01T22:26:45.468023+00:00,KXNBAGAME-26FEB28TORWAS-WAS,0.0,1.0,0.5,,1.0,0.0,,,0,0,0.0,100.0,50.0,,100.0
2026-03-01T22:27:29.799505+00:00,KXNBAGAME-26FEB28TORWAS-WAS,0.16,0.18,0.17,0.16429333333333335,0.02,-0.4216080452360833,161.0,589.0,16,72,16.0,18.0,17.0,16.4,2.0
2026-03-01T22:35:54.128645+00:00,KXNBAGAME-26FEB28TORWAS-WAS,0.0,1.0,0.5,,1.0,0.0,,,0,0,0.0,100.0,50.0,,100.0
2026-03-01T22:45:05.404643+00:00,KXNBAGAME-26FEB28TORWAS-WAS,0.0,1.0,0.5,,1.0,0.0,,,0,0,0.0,100.0,50.0,,100.0
2026-03-01T22:51:38.154162+00:00,KXNBAGAME-26FEB28TORWAS-WAS,0.16,0.18,0.17,0.16429333333333335,0.02,-0.4216080452360833,161.0,589.0,16,72,16.0,18.0,17.0,16.4,2.0
2026-03-01T22:54:18.292803+00:00,KXNBAGAME-26FEB28TORWAS-WAS,0.0,1.0,0.5,,1.0,0.0,,,0,0,0.0,100.0,50.0,,100.0
2026-03-01T23:03:30.298447+00:00,KXNBAGAME-26FEB28TORWAS-WAS,0.0,1.0,0.5,,1.0,0.0,,,0,0,0.0,100.0,50.0,,100.0
2026-03-01T23:12:41.652412+00:00,KXNBAGAME-26FEB28TORWAS-WAS,0.0,1.0,0.5,,1.0,0.0,,,0,0,0.0,100.0,50.0,,100.0
2026-03-01T23:15:51.660427+00:00,KXNBAGAME-26FEB28TORWAS-WAS,0.16,0.18,0.17,0.16429333333333335,0.02,-0.4216080452360833,161.0,589.0,16,72,16.0,18.0,17.0,16.4,2.0
2026-03-01T23:21:55.138378+00:00,KXNBAGAME-26FEB28TORWAS-WAS,0.0,1.0,0.5,,1.0,0.0,,,0,0,0.0,100.0,50.0,,100.0
2026-03-01T23:31:08.463263+00:00,KXNBAGAME-26FEB28TORWAS-WAS,0.0,1.0,0.5,,1.0,0.0,,,0,0,0.0,100.0,50.0,,100.0
2026-03-01T23:40:05.404652+00:00,KXNBAGAME-26FEB28TORWAS-WAS,0.16,0.18,0.17,0.16429333333333335,0.02,-0.4216080452360833,161.0,589.0,16,72,16.0,18.0,17.0,16.4,2.0
2026-03-01T23:40:21.883502+00:00,KXNBAGAME-26FEB28TORWAS-WAS,0.0,1.0,0.5,,1.0,0.0,,,0,0,0.0,100.0,50.0,,100.0
2026-03-01T23:49:36.815421+00:00,KXNBAGAME-26FEB28TORWAS-WAS,0.0,1.0,0.5,,1.0,0.0,,,0,0,0.0,100.0,50.0,,100.0
